-- phpMyAdmin SQL Dump
-- version 5.2.1
-- https://www.phpmyadmin.net/
--
-- Host: 127.0.0.1
-- Generation Time: Sep 09, 2025 at 12:22 PM
-- Server version: 10.4.32-MariaDB
-- PHP Version: 8.2.12

SET SQL_MODE = "NO_AUTO_VALUE_ON_ZERO";
START TRANSACTION;
SET time_zone = "+00:00";


/*!40101 SET @OLD_CHARACTER_SET_CLIENT=@@CHARACTER_SET_CLIENT */;
/*!40101 SET @OLD_CHARACTER_SET_RESULTS=@@CHARACTER_SET_RESULTS */;
/*!40101 SET @OLD_COLLATION_CONNECTION=@@COLLATION_CONNECTION */;
/*!40101 SET NAMES utf8mb4 */;

--
-- Database: `recipes_db`
--

-- --------------------------------------------------------

--
-- Table structure for table `categories`
--

CREATE TABLE `categories` (
  `id` int(11) NOT NULL,
  `name` varchar(255) NOT NULL
) ENGINE=InnoDB DEFAULT CHARSET=utf8 COLLATE=utf8_general_ci;

--
-- Dumping data for table `categories`
--

INSERT INTO `categories` (`id`, `name`) VALUES
(1, 'แกง'),
(2, 'ทอด'),
(3, 'ผัด'),
(4, 'ของหวาน'),
(5, 'ต้ม'),
(6, 'ย่าง'),
(7, 'นึ่ง'),
(8, 'อาหารจานเดียว'),
(9, 'อาหารว่าง'),
(10, 'สลัด/ยำ'),
(11, 'เครื่องดื่ม'),
(12, 'อื่นๆ'),
(13, 'อื่นๆ');

-- --------------------------------------------------------

--
-- Table structure for table `ingredient_categories`
--

CREATE TABLE `ingredient_categories` (
  `id` int(11) NOT NULL,
  `category_name` varchar(255) NOT NULL
) ENGINE=InnoDB DEFAULT CHARSET=utf8 COLLATE=utf8_general_ci;

--
-- Dumping data for table `ingredient_categories`
--

INSERT INTO `ingredient_categories` (`id`, `category_name`) VALUES
(1, 'ธัญพืชและผลิตภัณฑ์'),
(2, 'ราก หัวของพืช และผลิตภัณฑ์'),
(3, 'ถั่วเมล็ดแห้ง พืชเมล็ด ผลไม้เปลือกแข็ง และผลิตภัณฑ์'),
(4, 'ผักและผลิตภัณฑ์'),
(5, 'ผลไม้และผลิตภัณฑ์'),
(6, 'เนื้อสัตว์ เป็ด ไก่ และผลิตภัณฑ์'),
(7, 'ปลา กุ้ง สัตว์น้ำอื่นๆ และผลิตภัณฑ์'),
(8, 'ไข่'),
(9, 'นมและผลิตภัณฑ์'),
(10, 'เครื่องเทศและเครื่องปรุงรส');

-- --------------------------------------------------------

--
-- Table structure for table `ingredient_nutrition`
--

CREATE TABLE `ingredient_nutrition` (
  `id` int(11) NOT NULL,
  `ingredient_name` varchar(255) NOT NULL,
  `energy_kcal` float NOT NULL,
  `protein_g` float NOT NULL,
  `fat_g` float NOT NULL,
  `carbohydrate_g` float NOT NULL,
  `sugar_g` float DEFAULT NULL,
  `sodium_mg` int(11) NOT NULL,
  `category_id` int(11) DEFAULT NULL
) ENGINE=InnoDB DEFAULT CHARSET=utf8 COLLATE=utf8_general_ci;

--
-- Dumping data for table `ingredient_nutrition`
--

INSERT INTO `ingredient_nutrition` (`id`, `ingredient_name`, `energy_kcal`, `protein_g`, `fat_g`, `carbohydrate_g`, `sugar_g`, `sodium_mg`, `category_id`) VALUES
(1, 'เส้นก๋วยเตี๋ยว เล็ก/ใหญ่(แห้ง)', 350, 5.3, 0.3, 81.4, 0, 0, 1),
(2, 'เส้นก๋วยเตี๋ยว เล็ก(เส้นสด)', 220, 4.4, 0.6, 49.2, 0, 0, 1),
(3, 'เส้นก๋วยเตี๋ยว ใหญ่(เส้นสด)', 135, 2.5, 0.8, 29.5, 0, 0, 1),
(4, 'ขนมจีน(แป้งสด)', 90, 1.4, 0, 21, 0, 0, 1),
(5, 'ขนมจีน(แป้งหมัก)', 77, 0.9, 0.1, 18.2, 0, 0, 1),
(6, 'ขนมปังปอนต์', 329, 12.2, 3.3, 62.6, 0, 250, 1),
(7, 'ข้าวโพด(ต้ม)', 117, 4.3, 3.3, 17.4, 0, 0, 1),
(8, 'ข้าวเหนียว(นึ่ง)', 230, 4.1, 0.6, 51.8, 0, 0, 1),
(9, 'น้ำนมข้าวโพด', 40, 0.64, 0.45, 7.85, 0, 102, 1),
(10, 'น้ำนมข้าว', 22, 0.41, 0.08, 4.99, 0, 14, 1),
(11, 'บะหมี่(สด)', 310, 15.4, 4.4, 52.3, 0, 0, 1),
(12, 'บะหมี่กึ่งสำเร็จรูป(พร้อมเครื่องปรุงรสหมู)', 454, 11.8, 18.4, 60.3, 1, 1500, 1),
(13, 'แป้งข้าวเจ้า', 375, 8.25, 3.3, 78.07, 0, 264, 1),
(14, 'เส้นหมี่(แห้ง)', 352, 5.33, 0.71, 80.77, 0, 156, 1),
(15, 'เผือก(ดิบ)', 110, 2.14, 0.23, 23.53, 0, 3, 2),
(16, 'มันแกว(ดิบ)', 35, 0.9, 0.1, 6.8, 0, 0, 2),
(17, 'มันเทศสีส้ม(ดิบ)', 63, 1.99, 0.18, 12.28, 2, 2, 2),
(18, 'มันเทศสีม่วงแดง(ดิบ)', 102, 0.76, 0.19, 23.07, 2, 21, 2),
(19, 'มันเทศสีเหลือง(ดิบ)', 92, 0.6, 0.1, 20.8, 4, 2, 2),
(20, 'มันฝรั่ง(ดิบ)', 70, 2.5, 0.2, 13.9, 0, 0, 2),
(21, 'มันสำปะหลัง(ดิบ)', 135, 0.8, 0.2, 31.9, 1.5, 3, 2),
(22, 'แป้งมันสำปะหลัง', 351, 0.3, 0.1, 87.2, 0, 3, 2),
(23, 'สาคูเม็ดเล็ก(ดิบ)', 348, 0.2, 0.1, 86.6, 0, 0, 2),
(24, 'หัวไชเท้า(ดิบ)', 22, 0.8, 0, 4.8, 2, 5, 2),
(25, 'บีทรูท(ดิบ)', 45, 1.78, 0.18, 7.91, 6.8, 21, 2),
(26, 'หัวไช้โป๊วเค็ม', 47, 1.8, 0.1, 9.8, 0, 1200, 2),
(27, 'หัวไช้โป๊วหวาน', 131, 0.9, 0.3, 31.1, 15, 1000, 2),
(28, 'เกาลัด(ดิบ)', 206, 3.8, 1.8, 40.8, 1, 2, 3),
(29, 'งาขาว(คั่ว)', 697, 26.1, 64.2, 3.6, 0, 2, 3),
(30, 'งาขาว(ดิบ)', 659, 20.9, 57.1, 15, 0.3, 0, 3),
(31, 'งาดำ', 594, 20.6, 51.9, 3.2, 0.2, 0, 3),
(32, 'เต้าเจี้ยว', 126, 11.1, 3.7, 12, 2, 1200, 3),
(33, 'เต้าหู้ขาว', 26, 4.3, 1.9, 3, 0.5, 10, 3),
(34, 'เต้าหู้ทอด', 354, 28.8, 25.7, 1.9, 0.5, 15, 3),
(35, 'เต้าหู้ยี้', 143, 11.2, 6.3, 10.3, 8, 1300, 3),
(36, 'เต้าหู้เหลือง', 150, 13.5, 6.7, 8.8, 1.5, 12, 3),
(37, 'ถั่วขาว', 359, 22.3, 2.8, 61.1, 1, 4, 3),
(38, 'ถั่วเขียว', 297, 23.4, 1.3, 35.6, 1.5, 3, 3),
(39, 'แป้งถั่วเขียว', 284, 0.8, 0.1, 70, 0.3, 5, 3),
(40, 'ถั่วดำ(คั่ว)', 383, 25.9, 2.2, 65, 1, 3, 3),
(41, 'ถั่วดำ(ดิบ)', 318, 24.2, 1.7, 42.4, 1, 2, 3),
(42, 'ถั่วแดง(คั่ว)', 385, 22.7, 2.2, 68.6, 1.5, 2, 3),
(43, 'ถั่วแดง(ดิบ)', 295, 22.4, 1.2, 39.19, 1, 2, 3),
(44, 'ถั่วลันเตา', 354, 23.1, 1.2, 62.7, 1, 3, 3),
(45, 'ถั่วเน่า', 167, 17.9, 6.6, 9.1, 1.5, 800, 3),
(46, 'ถั่วลิสง(ดิบ)', 518, 29.7, 38.7, 7.96, 2, 6, 3),
(47, 'ถั่วลิสง(อบเกลือ)', 602, 27.62, 47.65, 10.4, 0, 96, 3),
(48, 'ถั่วเหลือง(ดิบ)', 430, 34, 18.7, 31.4, 1.5, 3, 3),
(49, 'นมถั่วเหลือง', 72, 2.4, 3.1, 8.6, 3, 50, 3),
(50, 'แปะก๊วย', 185, 5.2, 1.9, 35.2, 1, 2, 3),
(51, 'น้ำตาลมะพร้าว', 352, 0.3, 0.1, 87.4, 84.4, 0, 3),
(52, 'เนื้อมะพร้าวอ่อน', 73, 4.6, 2, 12.2, 2, 10, 3),
(53, 'เมล็ดกระถิน', 415, 36, 9.1, 47.2, 0.5, 2, 3),
(54, 'เมล็ดขนุน(ดิบ)', 135, 5.5, 0.2, 23.23, 0.5, 2, 3),
(55, 'เมล็ดถั่วแขก(ดิบ)', 380, 18.5, 6, 63, 0.5, 3, 3),
(56, 'เมล็ดถั่วพู(ลวก)', 309, 26.6, 14.8, 17.3, 1, 3, 3),
(57, 'เมล็ดบัว(นึ่ง)', 157, 10.3, 0.5, 27.9, 0.8, 4, 3),
(58, 'เมล็ดบัว(สด)', 65, 3.93, 0.26, 11.68, 0.8, 3, 3),
(59, 'เมล็ดบัว(ดิบ)', 332, 19.2, 2.1, 54.1, 0.8, 60, 3),
(60, 'เมล็ดมะขาม(คั่ว)', 393, 14.3, 7.7, 66.6, 1, 3, 3),
(61, 'เมล็ดมะม่วงหิมพานต์(คั่ว)', 597, 19.5, 44.8, 29, 1.5, 5, 3),
(62, 'เมล็ดมะม่วงหิมพานต์(ดิบ)', 592, 19.7, 45, 25.01, 1.5, 3, 3),
(63, 'เมล็ดมะม่วงหิมพานต์(อบเนย)', 609, 19.3, 47.3, 23.9, 2, 200, 3),
(64, 'วุ้นเส้น', 337, 1.6, 0.1, 82.5, 0.2, 2, 3),
(65, 'กระชาย', 54, 1.3, 0.8, 9.21, 0, 10, 4),
(66, 'ยอดกระถิน', 61, 8.4, 0.9, 10.3, 0, 5, 4),
(67, 'ต้นกระเทียม', 40, 3.2, 0.8, 5.1, 0, 0, 4),
(68, 'กวางตุ้ง', 11, 1.5, 0.2, 0, 0, 0, 4),
(69, 'กวางตุ้งไต้หวัน', 13, 1.3, 0.3, 0.9, 0, 0, 4),
(70, 'กะเพราขาว', 89.2, 3.24, 0.61, 1.41, 0, 176, 4),
(71, 'กะเพราแดง', 38, 4.2, 0.5, 2.3, 0, 176, 4),
(72, 'ดอกกะหล่ำ', 13, 1, 0.1, 2.1, 0, 0, 4),
(73, 'ผักแขนง', 29, 2.99, 0.47, 1.78, 0, 110, 4),
(74, 'กะหล่ำปลี', 14, 1.6, 0.1, 1, 0, 0, 4),
(75, 'กะหล่ำปลีม่วง', 24, 1.61, 0.11, 3.06, 0, 6, 4),
(76, 'ดอกกุยช่าย', 27, 2.5, 0.3, 2.5, 0, 3, 4),
(77, 'ขมิ้นขาว', 46, 0.95, 0.69, 6.52, 0, 0, 4),
(78, 'ข้าวโพดอ่อน', 29, 2.3, 0.3, 3.2, 0, 4, 4),
(79, 'ยอดข่าอ่อน', 43, 1.28, 0.4, 8.6, 0, 13, 4),
(80, 'ข่าอ่อน', 26, 1.3, 0.3, 4.4, 0, 2, 4),
(81, 'ขิงแก่', 28, 0.4, 0.6, 5.2, 0, 2, 4),
(82, 'ขิงอ่อน', 23, 0.76, 0.47, 2.53, 0, 2, 4),
(83, 'ดอกขี้เหล็ก', 78, 4.9, 0.4, 8.9, 0, 2, 4),
(84, 'ยอดขี้เหล็ก', 78, 7.7, 1.4, 5.3, 0, 2, 4),
(85, 'คื่นช่าย', 18, 1.6, 0.5, 0.5, 0, 10, 4),
(86, 'ดอกแค', 25, 2.1, 0.2, 0, 0, 2, 4),
(87, 'ยอดแค', 98, 8.3, 2.6, 7.7, 0, 2, 4),
(88, 'แครอท', 42, 1.6, 0.4, 7.9, 3.5, 30, 4),
(89, 'ใบชะพลู', 55, 4.85, 1.54, 1.72, 0, 43, 4),
(90, 'ยอดชะอม', 68, 9.5, 0.6, 4.27, 0, 3, 4),
(91, 'ดอกต้นหอม', 24, 1, 0.1, 3.82, 0, 6, 4),
(92, 'ต้นหอม', 30, 1.54, 0.36, 3.99, 0, 39, 4),
(93, 'ต้นอ่อนทานตะวัน', 3, 0.39, 0.23, 0, 0, 4, 4),
(94, 'ตั้งโอ๋', 15, 2.1, 0.3, 0.07, 0, 51, 4),
(95, 'ยอดตำลึง', 39, 3.3, 0.4, 5.5, 0, 0, 4),
(96, 'แตงกวา', 13, 0.8, 0.1, 1.9, 0, 0, 4),
(97, 'แตงกวาญี่ปุ่น', 10, 0.71, 0.14, 10.1, 0, 2, 4),
(98, 'แตงไทยอ่อน', 13, 0.4, 0.1, 2.7, 0, 0, 4),
(99, 'แตงโมอ่อน', 12, 0.4, 0.1, 2.4, 0, 0, 4),
(100, 'แตงร้าน', 10, 0.68, 0.13, 0.93, 0, 6, 4),
(101, 'ถั่วงอก', 39, 2.8, 0.1, 6.6, 0, 5, 4),
(102, 'ถั่วงอกหัวโต', 79, 9.1, 3.4, 3, 0, 5, 4),
(103, 'ถั่วฝักยาว', 35, 2.6, 0.5, 4, 0, 8, 4),
(104, 'ถั่วพู', 21, 2.28, 0.24, 0.94, 0, 6, 4),
(105, 'ถั่วลันเตา', 58, 4.36, 0.1, 9.9, 0, 10, 4),
(106, 'บรอกโคลี', 33, 3.64, 0.51, 1.98, 0, 12, 4),
(107, 'บวบเหลี่ยม', 18, 0.7, 0.2, 3.3, 0, 6, 4),
(108, 'ใบบัวบก', 38, 1.8, 0.9, 4.02, 0, 4, 4),
(109, 'ใบเตย', 55, 1.9, 0.8, 10.1, 0, 2, 4),
(110, 'น้ำใบเตย', 4, 0.4, 0.2, 0.2, 0.1, 1, 4),
(111, 'ผักกะเฉด', 37, 6.4, 0.4, 0, 0.3, 3, 4),
(112, 'ผักกาดขาว', 11, 1.5, 0.1, 1.1, 0.9, 5, 4),
(113, 'ผักกาดเขียว', 22, 2.15, 0.25, 2.7, 0.8, 6, 4),
(114, 'ผักกาดหอม', 27, 2, 0.4, 3.8, 0.5, 6, 4),
(115, 'ผักกูด', 25, 1.7, 0.4, 3.6, 0, 5, 4),
(116, 'ผักคะน้า', 31, 2.7, 0.5, 3.8, 0.5, 65, 4),
(117, 'ผักชี', 24, 2.68, 0.63, 0.38, 0, 38, 4),
(118, 'ผักชีฝรั่ง', 27, 2.05, 0.55, 1.83, 0, 61, 4),
(119, 'ผักบุ้งจีน', 16.1, 1.72, 0.34, 0.27, 0, 130, 4),
(120, 'ผักบุ้งไทย(ขาว)', 22, 2.18, 0.32, 1.34, 0, 67, 4),
(121, 'ผักบุ้งไทย(แดง)', 16, 1.68, 0.29, 0.28, 0, 26, 4),
(122, 'พริกขี้หนู', 63, 3.41, 2.11, 2.92, 1, 4, 4),
(123, 'พริกจินดา(เขียว)', 44, 2.37, 1.21, 2.82, 0.8, 5, 4),
(124, 'พริกจินดา(แดง)', 79, 3.94, 2.48, 3.98, 1, 6, 4),
(125, 'พริกชี้ฟ้า(แดง)', 64, 3.65, 1.5, 8.51, 1.3, 4, 4),
(126, 'พริกไทย', 118, 4.4, 2.6, 19.3, 1, 8, 4),
(127, 'พริกหนุ่ม', 20, 0.84, 0.41, 1.76, 0.7, 1, 4),
(128, 'พริกหยวก', 23, 1.05, 0.21, 3.32, 1, 1, 4),
(129, 'พริกหวาน', 82, 3.2, 1.6, 13.8, 4, 5, 4),
(130, 'พริกเหลือง', 106, 4, 3.6, 14.3, 1.2, 5, 4),
(131, 'ฟักเขียว', 13, 0.4, 0, 2.9, 0.3, 2, 4),
(132, 'ฟักทอง', 75, 1.91, 0.92, 13.8, 0, 1, 4),
(133, 'ยอดฟักทอง', 19, 2, 0.2, 2.4, 0, 3, 4),
(134, 'มะขามเปียก', 318, 2, 0.8, 75.6, 4, 4, 4),
(135, 'มะเขือเปราะ', 50, 1.8, 0.8, 8.8, 0, 5, 4),
(136, 'มะเขือพวง', 52, 2.71, 0.82, 3.39, 0, 5, 4),
(137, 'มะเขือเทศ(ลูกเล็ก)', 24, 1.1, 0.3, 3.6, 1, 4, 4),
(138, 'มะเขือเทศ(ลูกใหญ่)', 15, 0.63, 0.17, 2.16, 1.8, 6, 4),
(139, 'มะเขือเทศราชินี', 27, 0.96, 0.33, 4.26, 2.5, 3, 4),
(140, 'มะเขือยาว', 18, 1.03, 0.27, 1.91, 0, 3, 4),
(141, 'มะเขือม่วง', 16, 0.99, 0.18, 1.47, 0, 3, 4),
(142, 'มะดัน', 34, 0.3, 0.1, 7.9, 1, 2, 4),
(143, 'มะเดื่อ', 0, 1.3, 0, 0, 1, 3, 4),
(144, 'มะระขี้นก', 20, 1.18, 0.44, 0.81, 0, 26, 4),
(145, 'มะระจีน', 19, 0.94, 0.16, 2.47, 0, 8, 4),
(146, 'มะรุม', 11, 2.2, 0.2, 5.4, 0.5, 4, 4),
(147, 'มะระกอ(ดิบ)', 37, 0.8, 0.1, 8.1, 1, 5, 4),
(148, 'ใบแมงลัก', 41, 2.9, 1, 5, 0.3, 6, 4),
(149, 'ใบยอ', 89, 5, 1.2, 14.5, 0.5, 8, 4),
(150, 'ยอดมะพร้าวอ่อน', 41, 1.95, 0.55, 7.05, 1.5, 3, 4),
(151, 'ใบย่านาง', 127, 5.6, 0.9, 24, 0.5, 4, 4),
(152, 'ใบยี่หร่า', 42, 3.84, 0.99, 1.5, 0.4, 5, 4),
(153, 'ดอกสะเดา', 84, 5.5, 4.2, 0, 1, 4, 4),
(154, 'ยอดสะเดา', 85, 5.4, 0.5, 14.7, 0, 3, 4),
(155, 'สะตอ', 132, 8, 4, 16, 1.5, 8, 4),
(156, 'สายบัว', 8, 0.2, 0.1, 1.6, 0.2, 2, 4),
(157, 'หน่อไม้', 30, 2.3, 0.2, 4.8, 0.3, 3, 4),
(158, 'หยวกกล้วยน้ำว้า', 15, 0.8, 0.2, 2.6, 0.2, 3, 4),
(159, 'หอมหัวใหญ่', 29, 1.4, 0.1, 5, 1.5, 3, 4),
(160, 'หัวปลี', 28, 1.4, 0.2, 5.2, 0, 2, 4),
(161, 'เห็ดขมิ้น', 29, 2.7, 0.5, 3.3, 0, 3, 4),
(162, 'เห็ดเข็มทอง', 25, 1.71, 0.11, 3.02, 0, 7, 4),
(163, 'เห็ดชาง', 197, 2.4, 0.2, 46.4, 0, 0, 4),
(164, 'เห็นนางฟ้า', 35, 2.3, 0.3, 5.7, 0, 4, 4),
(165, 'เห็ดฟาง', 35, 3.2, 0.2, 5, 0, 3, 4),
(166, 'เห็ดหอม', 24, 2.24, 0.28, 1.82, 0, 2, 4),
(167, 'เห็ดหูหนู', 50, 1.4, 0.1, 10.9, 0, 2, 4),
(168, 'กล้วยไข่', 106, 1.24, 0.2, 24.26, 21.84, 2, 5),
(169, 'กล้วยน้ำว้า', 143, 1.1, 0.2, 33.1, 17, 2, 5),
(170, 'กล้วยเล็บมือนาง', 124, 1.39, 0.32, 26.59, 16, 2, 5),
(171, 'กล้วยหอม', 128, 0.9, 0.2, 29.8, 18, 2, 5),
(172, 'กล้วยหักมุก', 113, 1.2, 0.2, 26.7, 14, 2, 5),
(173, 'แก้วมังกร(เนื้อชมพู)', 59, 1.82, 1.02, 9.54, 8.11, 3, 5),
(174, 'แก้วมังกร(เนื้อขาว)', 59, 1.27, 0.68, 11.87, 10, 0, 5),
(175, 'ขนุน', 78, 1.8, 0.27, 15.57, 21.45, 1, 5),
(176, 'แคนตาลูป', 29, 0.5, 0, 6.5, 6, 4, 5),
(177, 'เงาะ', 67, 0.9, 0.1, 15.6, 13, 1, 5),
(178, 'ชมพู่', 24, 0.5, 0.1, 5.3, 5, 1, 5),
(179, 'เชอร์รี่นอก', 49, 1.05, 0.6, 31.93, 10.7, 4, 5),
(180, 'แตงไทย(สุก)', 13, 0.2, 0, 3.1, 5, 2, 5),
(181, 'แตงโม', 33, 0.69, 0.1, 7.1, 11.2, 2, 5),
(182, 'แตงโมเหลือง', 28, 0.49, 0.06, 5.68, 5.96, 3, 5),
(183, 'ทุเรียนกวน', 340, 3.2, 7.5, 64.901, 50, 1, 5),
(184, 'ทุเรียนก้านยาว', 187, 2.5, 4.1, 35.1, 25, 2, 5),
(185, 'ทุเรียนชะนี', 148, 2.5, 4.4, 24.7, 20, 2, 5),
(186, 'ทุเรียนหมอนทอง', 163, 2.1, 3.3, 31.2, 21, 0, 5),
(187, 'น้อยหน่า', 92, 1.4, 0.2, 19.9, 15, 2, 5),
(188, 'ฝรั่ง', 35, 0.76, 0.21, 6.01, 6.5, 2, 5),
(189, 'พลับ', 60, 0.5, 0.16, 13.1, 13, 1, 5),
(190, 'พุทรา', 43, 0.81, 0.13, 8.78, 14, 2, 5),
(191, 'มะขามเทศ', 80, 3.501, 1, 12.6, 0, 0, 5),
(192, 'มะขามป้อม', 58, 0.29, 0.22, 13.4, 0, 1, 5),
(193, 'มะขามหวาน', 333, 2.9, 0, 80.3, 35, 2, 5),
(194, 'มะปราง', 50, 0.4, 0, 11.36, 11, 2, 5),
(195, 'มะเฟือง', 35, 0.7, 0.1, 6.26, 9.66, 0, 5),
(196, 'มะไฟ', 48, 0.7, 0.3, 10.5, 11, 2, 5),
(197, 'มะม่วงเขียวเสวย(ดิบ)', 83, 0.7, 0.4, 18.1, 7, 2, 5),
(198, 'มะม่วงเขียวเสวย(สุก)', 82, 0.5, 0.8, 18.2, 14, 1, 5),
(199, 'มะม่วงน้ำดอกไม้', 77, 0.6, 0.23, 17.73, 15, 2, 5),
(200, 'มะม่วงยายกล่ำ', 68, 0.65, 0.42, 11.8, 13.94, 2, 5),
(201, 'มะม่วงอกร่อง', 76, 0.9, 0.2, 17.2, 15, 2, 5),
(202, 'มะละกอสุก', 39, 0.7, 0.1, 8, 9, 5, 5),
(203, 'มังคุด', 79, 0.5, 0, 18.4, 16, 2, 5),
(204, 'ระกำ', 50, 0.6, 0.2, 11.5, 11, 2, 5),
(205, 'ราสเบอรี่', 38, 1.11, 0.76, 5.41, 5.7, 17, 5),
(206, 'ลอดกอง', 61, 0.91, 0.14, 11.89, 16.02, 3, 5),
(207, 'ละมุด', 82, 0.36, 0.8, 15.6, 17, 0, 5),
(208, 'ลางสาด', 67, 0.9, 0.1, 15.6, 14, 2, 5),
(209, 'ลำไย', 111, 1, 0.5, 25.6, 20, 3, 5),
(210, 'ลิ้นจี่', 57, 0.9, 0.1, 13.2, 16, 2, 5),
(211, 'ลูกจันทร์', 325, 13.6, 0.6, 66.3, 15, 2, 5),
(212, 'ลูกตาล', 45, 0.5, 1, 7.65, 5.5, 2, 5),
(213, 'ลูกท้อ', 44, 1.17, 0.12, 8.19, 6.4, 20, 5),
(214, 'ลูกหว้า', 52, 0.9, 0.1, 10.3, 5, 9, 5),
(215, 'ลูกพลัม', 53, 1.18, 0.28, 10.26, 7.4, 7, 5),
(216, 'สตรอว์เบอร์รี่', 30, 0.68, 0.27, 5.2, 4, 1, 5),
(217, 'ส้มเขียวหวาน', 46, 0.83, 0.26, 9.27, 11.34, 3, 5),
(218, 'ส้มเช้ง', 50, 0.8, 0.1, 13, 9.5, 1, 5),
(219, 'ส้มสายน้ำผึ้ง', 49, 0.81, 0.17, 10.08, 10.71, 1, 5),
(220, 'ส้มแมนดาริน', 53, 0.8, 0.3, 13.3, 11, 1, 5),
(221, 'ส้มโอ', 38, 0.8, 0.1, 9.6, 7, 1, 5),
(222, 'ส้มโอ(ขาวแตงกวา)', 39, 0.87, 0.24, 7.57, 7, 2, 5),
(223, 'ส้มโอ(ขาวน้ำผึ้ง)', 38, 0.76, 0.17, 7.88, 7.7, 1, 5),
(224, 'สัปปะรด', 50, 0.5, 0.1, 13, 11, 1, 5),
(225, 'สัปปะรดภูแล', 60, 0.41, 0.23, 13.55, 11.11, 1, 5),
(226, 'สัปปะรดศรีราชา', 50, 0.54, 0.1, 10.91, 12.6, 1, 5),
(227, 'สาลี่', 50, 0.5, 0.2, 13, 9, 1, 5),
(228, 'สาลี่หอม', 57, 0.26, 0.08, 13.92, 8, 2, 5),
(229, 'สาลี่หิมะ', 56, 0.36, 0.12, 13.42, 9, 1, 5),
(230, 'องุ่นเขียว', 51, 0.54, 0.09, 11.54, 13, 4, 5),
(231, 'องุ่นดำ', 46, 0.51, 0.1, 10.45, 12, 4, 5),
(232, 'องุ่นแดง(ลูกใหญ่)', 37, 0.4, 0.09, 5.8, 9.2, 4, 5),
(233, 'องุ่นแดงนอก(ลูกเล็ก)', 61, 0.5, 0.2, 13.92, 13, 2, 5),
(234, 'แอปเปิลเขียว', 47, 0.24, 0.21, 9.95, 8, 1, 5),
(235, 'แอปเปิลแดง', 52, 0.3, 0.2, 14, 10, 1, 5),
(236, 'แอปเปิลแดง(วอชิงตัน)', 56, 0.18, 0.25, 12.26, 10, 3, 5),
(237, 'แอปเปิลแดง(ฟูจิ)', 36, 0.17, 0.12, 7.86, 9, 4, 5),
(238, 'กบ', 102, 17.6, 3.53, 0, 0, 0, 6),
(239, 'กระบือ(เนื้อ)', 98, 22.01, 1.06, 0, 0, 69, 6),
(240, 'กระรอก', 113, 23.01, 2.29, 0, 0, 0, 6),
(241, 'ตับไก่', 115, 18.62, 4.55, 0, 0, 82, 6),
(242, 'เนื้อไก่', 165, 19.5, 9.7, 0, 0, 82, 6),
(243, 'เลือดไก่(สุก)', 50, 11.53, 0.41, 0, 0, 90, 6),
(244, 'อกไก่', 110, 23, 1.5, 0, 0, 45, 6),
(245, 'สะโพกไก่', 209, 17.5, 15, 0, 0, 70, 6),
(246, 'ปีกไก่', 203, 17, 14.5, 0, 0, 65, 6),
(247, 'หนังไก่', 450, 14, 41, 0, 0, 60, 6),
(248, 'แคปหมู(มีมัน)', 626, 48.9, 47.8, 0, 0, 0, 6),
(249, 'แคปหมู(ไม่มีมัน)', 515, 56.4, 27, 0, 0, 0, 6),
(250, 'เนื้อนกกระทา', 116, 18.48, 4.69, 0, 0, 93, 6),
(251, 'เนื้อเป็ด', 200, 17, 15, 0, 0, 60, 6),
(252, 'เลือดเป็ด(สุก)', 70, 11, 0.4, 1.5, 0, 120, 6),
(253, 'หนังเป็ด', 400, 16, 38, 0, 0, 70, 6),
(254, 'ตับเป็ด', 118, 17.5, 4, 0.5, 0, 80, 6),
(255, 'เนื้อแพะ', 93, 20.5, 1.22, 0, 0, 96, 6),
(256, 'กระเพาะวัว(สุก)', 130, 14.11, 7, 0, 0, 60, 6),
(257, 'เนื้อวัว', 134, 20.3, 4.8, 2.3, 0, 0, 6),
(258, 'เนื้อโหนกวัว', 193, 20.24, 12.49, 0, 0, 54, 6),
(259, 'เนื้อวัวแดดเดียว(ดิบ)', 139, 30.6, 1.5, 0.7, 0, 0, 6),
(260, 'เนื้อวัวสันใน', 103, 20.09, 2.47, 0, 0, 79, 6),
(261, 'เนื้อวัวสันนอก', 176, 21.7, 9.4, 0, 0, 55, 6),
(262, 'เนื้อวัวซี่โครง', 197, 19.54, 13.6, 0, 0, 60, 6),
(263, 'สะโพกวัว', 168, 20.7, 8.2, 0, 0, 52, 6),
(264, 'ปอดวัว', 83, 15.83, 2, 0.4, 0, 139, 6),
(265, 'ผ้าขี้ริ้วัว', 63, 11.84, 1.66, 0.26, 0, 43, 6),
(266, 'รกวัว', 69, 11.59, 2.55, 0, 0, 0, 6),
(267, 'ลำไส้วัว(สุก)', 310, 11.54, 30, 0, 0, 32, 6),
(268, 'ไขกระดูกวัว', 720, 4.5, 80, 0, 0, 12, 6),
(269, 'ลิ้นวัว', 284, 14.1, 24.5, 0, 0, 45, 6),
(270, 'ตับวัว', 135, 20.4, 3.6, 2.5, 0.5, 68, 6),
(271, 'ลูกชิ้นวัว(ดิบ)', 190, 18.5, 10, 10.2, 0, 630, 6),
(272, 'ไส้กรอกคอกเทล(ไก่)', 220, 11.55, 24, 7.04, 0, 600, 6),
(273, 'ไส้กรอกคอกเทล(หมู)', 242, 11.78, 22, 7.19, 0, 712, 6),
(274, 'ไส้กรอกเวียนนา(ไก่)', 335, 12.4, 24, 1.7, 0, 0, 6),
(275, 'ไส้กรอกเวียนนา(หมู)', 263, 14.5, 22, 2.1, 0, 0, 6),
(276, 'ไส้กรอกหมู(ดิบ)', 304, 12.6, 27.3, 0.7, 0, 645, 6),
(277, 'ไส้อั่ว', 420, 18, 36.1, 5.7, 0, 0, 6),
(278, 'หนูนา', 219, 16.73, 15.45, 0, 0, 0, 6),
(279, 'เนื้อหมู', 110, 19.6, 3.3, 0.4, 0, 0, 6),
(280, 'ปอดหมู', 87, 13.34, 3.47, 0.7, 0, 155, 6),
(281, 'เลือดหมู(สุก)', 44, 10.63, 0.6, 0, 0, 178, 6),
(282, 'กระเพาะหมู', 155, 12.4, 2.1, 1, 0, 0, 6),
(283, 'ตับหมู', 177, 19.8, 3, 2.6, 0, 0, 6),
(284, 'เนื้อหมูซี่โครงอ่อน', 217, 17.33, 16.1, 0.68, 0, 85, 6),
(285, 'มันหมู', 714, 4.7, 76, 0, 0, 0, 6),
(286, 'เนื้อหมูสันใน', 119, 21.31, 3.77, 0, 0, 50, 6),
(287, 'เนื้อหมูสันคอ', 189, 17.73, 13.1, 0, 0, 55, 6),
(288, 'หมูสามชั้น', 420, 15, 35, 0, 0, 10, 6),
(289, 'สะโพกหมู', 216, 21.5, 13.5, 0, 0, 52, 6),
(290, 'หมูเด้ง', 268, 16.5, 20, 3.5, 1.2, 650, 6),
(291, 'หนังหมู', 306, 28, 21.1, 0.9, 0, 0, 6),
(292, 'หมูหยอง', 357, 43.1, 5.7, 12, 0, 0, 6),
(293, 'หมูแหนม', 185, 20.2, 9.9, 3.8, 0, 0, 6),
(294, 'หมูแฮม', 110, 19.82, 2.5, 1.96, 0, 0, 6),
(295, 'หมูยอ', 280, 13.1, 22, 3.6, 0, 0, 6),
(296, 'เบคอน', 416, 13.52, 40.11, 0.1, 0, 0, 6),
(297, 'ลิ้นหมู', 278, 16.4, 22, 0, 0, 62, 6),
(298, 'หูหมู', 264, 19, 20, 0, 0, 60, 6),
(299, 'กุ้ง', 99, 23.7, 0.3, 0.2, 0, 170, 7),
(300, 'กุ้งฝอย', 88, 15.34, 2.7, 0.6, 0, 0, 7),
(301, 'กุ้งแห้ง', 263, 46.4, 2.9, 12.6, 0, 900, 7),
(302, 'ปลากลาย', 84, 17.5, 1.69, 0, 0, 0, 7),
(303, 'ปลากะพงขาว', 100, 21.34, 1.64, 0, 0, 0, 7),
(304, 'ปลาเก๋า', 29, 20.03, 0.32, 1.13, 0, 0, 7),
(305, 'ปลาช่อน', 122, 20.5, 3.8, 1.4, 0, 0, 7),
(306, 'ปลาซาบะ', 218, 18.03, 16.2, 0.03, 0, 293, 7),
(307, 'ปลาดุก', 114, 23, 2.4, 0, 0, 0, 7),
(308, 'ปลาตะเพียน', 111, 20.4, 3.2, 0.1, 0, 0, 7),
(309, 'ปลาทู(นึ่ง)', 136, 24.9, 4, 0, 0, 0, 7),
(310, 'ปลาทูน่า(สด)', 110, 24.8, 1.2, 0, 0, 0, 7),
(311, 'ปลาทูน่า(ในน้ำมัน)', 218, 23.5, 13.5, 0.5, 0, 0, 7),
(312, 'ปลาทูน่า(ในน้ำสลัด)', 86, 13.4, 2.3, 2.9, 0, 0, 7),
(313, 'ปลาทับทิม', 113, 20.96, 2.93, 0.65, 0, 0, 7),
(314, 'ปลานิล', 93, 18.23, 2.25, 0, 0, 0, 7),
(315, 'ปลาเนื้ออ่อน', 80, 17.3, 1.1, 0.1, 0, 0, 7),
(316, 'ปลาบึก', 71, 16.2, 0.5, 0.3, 0, 0, 7),
(317, 'ปลาร้า', 149, 15.3, 8, 3.9, 0, 0, 7),
(318, 'ปลาร้า(ผง)', 274, 12.24, 2.7, 11.37, 0, 0, 7),
(319, 'ปลาสลิด', 76, 17.2, 0.8, 0, 0, 0, 7),
(320, 'ปลาสวาย', 256, 15.5, 21.5, 0.1, 0, 0, 7),
(321, 'ปลาหมอ', 133, 17.2, 7.1, 0.1, 0, 0, 7),
(322, 'หมึกกล้วย', 68, 15.2, 0.7, 0.2, 0, 0, 7),
(323, 'หมึกระเป๋า', 62, 13.69, 0.64, 0.41, 0, 0, 7),
(324, 'ปลาไหล', 87, 18.9, 1.2, 0.1, 0, 0, 7),
(325, 'ปลาโอ', 109, 24.49, 1.12, 0.23, 0, 0, 7),
(326, 'ปูม้า(สด)', 79, 16.2, 1.4, 0.26, 0, 335, 7),
(327, 'ปูอัด', 112, 9.47, 1.01, 12, 0, 0, 7),
(328, 'ลูกชิ้นปลา', 82, 15.9, 0.4, 3.89, 0, 0, 7),
(329, 'หอยแครง', 81, 12.9, 1.3, 4.3, 0, 0, 7),
(330, 'หอยแมลงภู่', 53, 8.1, 0.9, 3.1, 0, 0, 7),
(331, 'ไข่ไก่(เฉพาะไข่ขาว)', 48, 11.49, 0.07, 0.4, 0, 217, 8),
(332, 'ไข่ไก่(เฉพาะไข่แดง)', 292, 15, 24.42, 3.19, 0, 90, 8),
(333, 'ไข่ไก่', 143, 12.77, 9.65, 1.17, 0, 165, 8),
(334, 'ไข่นกกะทา', 171, 13.3, 12, 2.4, 0, 0, 8),
(335, 'ไข่เป็ด(เฉพาะไข่ขาว)', 49, 10.83, 0, 1.29, 0, 206, 8),
(336, 'ไข่เป็ด(เฉพาะไข่แดง)', 319, 14.78, 26.97, 4.4, 0, 68, 8),
(337, 'ไข่เป็ด', 178, 13.03, 13.35, 1.54, 0, 133, 8),
(338, 'ไข่มดแดง', 76, 8.51, 2.96, 3.95, 0, 52, 8),
(339, 'เต้าหู้ไข่', 36, 4.77, 1.81, 0.19, 0, 383, 8),
(340, 'นมพาสเจอร์ไรส์(รสจืด)', 66, 3.1, 3.49, 5.55, 0, 45, 9),
(341, 'นมพาสเจอร์ไรส์(รสหวาน)', 79, 3, 3.2, 9.5, 0, 0, 9),
(342, 'นมยูเอชที(รสจืด)', 65, 3.3, 3.9, 4.1, 0, 0, 9),
(343, 'นมยูเอชที(รสหวาน)', 69, 3.3, 3.9, 5.5, 0, 0, 9),
(344, 'นมสเตอรฺไลส์(รสจืด)', 56, 3.3, 3.4, 3, 0, 0, 9),
(345, 'นมข้นจืด', 135, 6.8, 7.6, 9.8, 9.8, 90, 9),
(346, 'นมข้นหวาน', 321, 7.9, 8.7, 54.4, 54, 130, 9),
(347, 'นมเปรี้ยว', 67, 2.7, 2.2, 8.3, 7.2, 55, 9),
(348, 'นมผง', 499, 26.1, 26.8, 38.41, 0, 0, 9),
(349, 'นมอัดเม็ด', 477, 13.2, 20.4, 60.1, 0, 0, 9),
(350, 'นมแพะพลาสเจอร์ไรส์', 54, 2.93, 2.92, 3.93, 0, 86, 9),
(351, 'นมสด', 53, 3.16, 2.95, 3.44, 0, 52, 9),
(352, 'เนยเค็ม', 717, 0.85, 81, 0.06, 0, 643, 9),
(353, 'เนยจืด', 717, 0.85, 81, 0.06, 0, 11, 9),
(354, 'เชดด้าชีส', 402, 24.9, 33.1, 1.3, 0.5, 621, 9),
(355, 'มอสซาเรลล่าชีส', 280, 28, 17, 3, 1, 627, 9),
(356, 'ครีมชีส', 342, 6.2, 34.2, 4.1, 1.8, 321, 9),
(357, 'โยเกิร์ต', 61, 33.5, 3.3, 4.7, 4.7, 46, 9),
(358, 'โยเกิร์ต(พร่องมันเนย)', 56, 4.1, 1.5, 5, 5, 54, 9),
(359, 'โยเกิร์ต(รสหวานพร้อมดื่ม)', 76, 2.8, 1.5, 13, 12, 54, 9),
(360, 'กระเทียม', 149, 6.96, 0.31, 14.6, 0, 14, 10),
(361, 'กะปิ', 26, 3.5, 0.6, 2.5, 0.5, 1570, 10),
(362, 'ขมิ้นชัน', 68, 1.7, 1.4, 12.1, 0, 0, 10),
(363, 'ข่า', 95, 1, 0.31, 22.1, 0, 0, 10),
(364, 'เครื่องแกงเผ็ด', 121, 4.2, 2.5, 20.3, 0, 0, 10),
(365, 'เครื่องแกงมัสมั่น', 282, 4.3, 24.36, 11.5, 0, 0, 10),
(366, 'ดอกจันทน์เทศ', 388, 14.2, 15.4, 48.1, 9.7, 0, 10),
(367, 'ตะไคร้', 143, 1.2, 21, 29.7, 0, 0, 10),
(368, 'ใบกระวาน(แห้ง)', 372, 9.5, 6.3, 69.3, 0, 0, 10),
(369, 'ผงกะหรี่', 299, 7.1, 7, 52, 0, 0, 10),
(370, 'รากผักชี', 57, 1.7, 0.2, 12.2, 0, 0, 10),
(371, 'ลูกผักชี', 325, 13.6, 0.6, 66.3, 0, 0, 10),
(372, 'พริกขี้หนู(แห้ง)', 347, 15.8, 9.1, 50.5, 0, 0, 10),
(373, 'พริกชี้ฟ้า(แห้ง)', 364, 14.4, 11.8, 50, 0, 0, 10),
(374, 'พริกไทยขาว', 380, 11.3, 6.6, 68.8, 0, 0, 10),
(375, 'พริกไทยดำ', 322, 11.35, 5.4, 45.85, 0, 15, 10),
(376, 'ผลพะโล้', 371, 1.9, 8.3, 72.2, 0, 0, 10),
(377, 'ใบมะกรูด', 171, 6.8, 3.1, 29, 0, 0, 10),
(378, 'มัสตาด', 511, 31, 28.4, 32.8, 0, 0, 10),
(379, 'ใบสะระแหน่', 52, 3.7, 0.6, 8, 0, 0, 10),
(380, 'หอมแดง', 63, 2.7, 0.2, 12.6, 0, 0, 10),
(381, 'ใบโหระพา', 30, 3.3, 1, 7.9, 0, 0, 10),
(382, 'อบเชย', 329, 3.3, 1, 76.6, 0, 0, 10),
(383, 'น้ำปลา', 62.5, 12.5, 0, 6.25, 0, 8000, 10),
(384, 'น้ำปลาร้า', 66.67, 10, 0.67, 10, 0, 9000, 10),
(385, 'มะนาว', 30, 0.61, 0.3, 12.12, 4.55, 2, 10),
(386, 'น้ำส้มสายชู', 20, 0, 0, 0.67, 0, 0, 10),
(387, 'ซีอิ๊วขาว', 66.67, 10, 0, 6.67, 3.33, 6400, 10),
(388, 'ซีอิ๊วดำหวาน', 150, 5, 0, 30, 22.5, 3000, 10),
(389, 'ซีอิ๊วดำเค็ม', 83.33, 12, 0, 13.33, 6.67, 8000, 10),
(390, 'ซอสหอยนางรม', 100, 5, 0, 20, 12.5, 2500, 10),
(391, 'ซอสปรุงรสฝาเขียว', 66.67, 8.67, 0, 6.67, 3.33, 6667, 10),
(392, 'ซอสพริก', 100, 2, 0, 23.33, 16.67, 4000, 10),
(393, 'ซอสมะเขือเทศ', 88.24, 1.76, 0, 23.53, 17.65, 1765, 10),
(394, 'ซอสโชยุ', 53.33, 6.67, 0, 6.67, 3.33, 6000, 10),
(395, 'ซอสเทอริยากิ', 150, 4, 0, 32.5, 27.5, 4667, 10),
(396, 'ซอสพริกศรีราชา', 100, 1.5, 0, 25, 17.5, 4500, 10),
(397, 'ซอสเห็ดหอม', 100, 6.67, 0, 19.44, 11.11, 3611, 10),
(398, 'น้ำมันปาล์ม', 882, 0, 100, 0, 0, 0, 10),
(399, 'น้ำมันถั่วเหลือง', 882, 0, 100, 0, 0, 0, 10),
(400, 'น้ำมันรำข้าว', 882, 0, 100, 0, 0, 0, 10),
(401, 'น้ำมันมะพร้าว', 882, 0, 100, 0, 0, 0, 10),
(402, 'น้ำมันมะกอก', 882, 0, 100, 0, 0, 0, 10),
(403, 'น้ำมันงา', 882, 0, 100, 0, 0, 0, 10),
(404, 'พริกป่น', 320, 12, 20, 56, 8, 80, 10),
(405, 'ผงกระเทียม', 320, 13.33, 0, 66.67, 10, 93, 10),
(406, 'ผงหัวหอม', 320, 10, 0, 66.67, 26.67, 133, 10),
(407, 'ผงขิง', 300, 10, 5, 70, 10, 3, 10),
(408, 'ผงขมิ้น', 400, 10, 10, 70, 5, 1, 10),
(409, 'ผงฟู', 50, 0, 0, 32.5, 0, 12200, 10),
(410, 'เบกกิ้งโซดา', 0, 0, 0, 0, 0, 125900, 10),
(411, 'น้ำตาลทรายขาว', 384, 0, 0, 100, 100, 0, 10),
(412, 'น้ำตาลทรายแดง', 380, 0, 0, 99, 97, 20, 10),
(413, 'น้ำตาลปี๊บ', 386.67, 0, 0, 98, 98, 13, 10),
(414, 'เกลือป่น', 0, 0, 0, 0, 0, 39000, 10),
(415, 'น้ำผึ้ง', 304, 0.47, 0, 82.38, 82.38, 5, 10),
(416, 'วาซาบิ', 300, 6, 10, 42, 10, 667, 10),
(417, 'มายองเนส', 681.16, 1.45, 72.46, 0.72, 0.72, 639, 10),
(418, 'มาการีน', 714.29, 0, 78.57, 0, 0, 643, 10),
(419, 'พริกจินดา(แห้ง)', 282, 11.5, 14.3, 49.2, 33.8, 59, 4),
(420, 'ข้าวสวย', 129, 2.4, 0.3, 28.2, 0.1, 2, 1),
(421, 'หมูกรอบ', 465, 22, 39, 1.5, 0, 680, 6),
(422, 'เส้นมาม่า', 470, 8, 19, 65, 1.5, 150, 1),
(423, 'น่องไก่', 165, 20.8, 8, 0, 0, 70, 6),
(424, 'แป้งทอดกรอบ', 357, 5.6, 0.5, 83, 1.2, 680, 10),
(425, 'พริกแกงเขียวหวาน', 120, 2.6, 5.1, 14.3, 2.1, 3500, 10),
(426, 'กะทิ', 200, 1.5, 21, 2, 1.5, 15, 10),
(427, 'พริกแกงส้ม', 90, 2.1, 1.2, 18, 4, 3200, 10),
(428, 'พริกแกงพะแนง', 130, 2.4, 4.8, 18, 3.5, 3500, 10),
(429, 'พริกแกงแดง', 120, 2.2, 3.5, 17, 3, 3200, 10),
(430, 'หอยลาย', 74, 12.4, 1, 2.6, 0, 6, 7),
(431, 'น้ำพริกเผา', 370, 2.5, 24, 35, 25, 1800, 10),
(432, 'แคบหมู', 603, 54.4, 41, 0, 0, 480, 6),
(433, 'ขนมปังแผ่น', 275, 9, 3, 52, 5, 450, 1),
(434, 'มะพร้าวขูด', 400, 3.6, 35, 15.2, 6, 15, 3),
(435, 'กระดูกหมูอ่อน', 190, 15, 14, 0, 0, 65, 6),
(436, 'ข้าวเหนียวมูน', 240, 3, 4.5, 46, 9, 150, 1),
(437, 'แป้งข้าวเหนียว', 365, 6, 0.5, 80.2, 0, 3, 1),
(438, 'มะพร้าวคั่ว', 660, 7, 62, 24, 6, 25, 3),
(439, 'ชาดำ', 2, 0, 0, 0, 0, 5, 4),
(440, 'กาแฟ', 2, 0, 0, 0, 0, 5, 3),
(441, 'ผงโกโก้', 228, 19.6, 13.7, 57.9, 1.8, 21, 3),
(442, 'ผงกาแฟ', 288, 12, 0.5, 50, 0, 72, 3),
(443, 'ผงปาปริก้า', 282, 14.1, 12.9, 54.7, 10.3, 68, 10),
(444, 'รสดีรสหมู', 205, 11, 1, 38, 5, 13800, 10),
(445, 'รสดีรสไก่', 205, 11, 1, 38, 5, 13800, 10),
(446, 'ผงชูรส', 0, 0, 0, 0, 0, 480, 10),
(447, 'พริกแกงมัสมั่น', 165, 3.2, 6.5, 24.5, 6.2, 1020, 10),
(448, 'หัวกะทิ', 245, 2.5, 25, 4, 3, 10, 10),
(449, 'หางกะทิ', 115, 1, 11, 3, 2, 10, 10),
(450, 'น้ำมะขามเปียก', 120, 1.6, 0.3, 31, 21, 15, 10),
(451, 'ข้าวเหนียวเขี้ยวงู', 349, 6, 0.7, 76, 0.2, 1, 1),
(452, 'แป้งท้าวยายม่อม', 357, 0.3, 0.1, 88.2, 0, 2, 2),
(453, 'ข้าวคั่ว', 357, 7.5, 1.2, 82, 0, 2, 1),
(454, 'หมึกกระดอง', 92, 15.6, 1.38, 3.08, 0, 44, 7),
(455, 'เนื้อไก่สันใน', 110, 23, 1.5, 0, 0, 50, 6),
(456, 'แป้งข้าวโพด', 381, 0.3, 0.1, 91.3, 0, 9, 4),
(457, 'แผ่นเกี้ยว', 290, 9.5, 1.5, 58, 1, 300, 8),
(458, 'เหล้าจีน', 134, 0.2, 0, 5.1, 1, 5, 10),
(459, 'ปลากระป๋อง', 130, 17, 4, 6, 4, 400, 7),
(460, 'น้ำมันพืช', 884, 0, 100, 0, 0, 0, 10),
(461, 'ข้าวโพด(ดิบ)', 86, 3.3, 1.3, 19, 6.3, 15, 1),
(462, 'แป้งเทมปุระ', 360, 8, 0.5, 75, 2, 900, 1),
(463, 'ผงปรุงรส', 180, 10, 0, 35, 10, 17000, 10),
(464, 'กุ้งบด', 95, 20, 1.5, 0, 0, 150, 7),
(465, 'หมูบด', 280, 18, 22, 0, 0, 70, 6),
(466, 'หมูสับ', 95, 18, 22, 0, 0, 70, 6),
(467, 'เห็ดนางฟ้า', 33, 3.3, 0.4, 6.1, 1, 18, 4),
(468, 'ทุเรียน(ดิบ)', 120, 1.3, 4, 25, 12, 2, 5),
(469, 'น้ำปูนใส', 0, 0, 0, 0, 0, 0, 10),
(470, 'น้ำมะนาว', 25, 0.4, 0.1, 8.4, 1.1, 50, 10),
(471, 'เอสเปรสโซ', 9, 0.1, 0, 1.7, 0, 5, 10),
(472, 'ครีมเทียม', 160, 1, 7, 24, 13, 125, 10),
(473, 'ผงชาเขียว(มัทฉะ)', 320, 22, 5, 35, 1, 20, 10),
(474, 'ผงโกโก้', 240, 21, 14, 60, 2, 2000, 10);

-- --------------------------------------------------------

--
-- Table structure for table `ingredient_units`
--

CREATE TABLE `ingredient_units` (
  `id` int(11) NOT NULL,
  `ingredient_name` varchar(255) DEFAULT NULL,
  `unit` varchar(50) DEFAULT NULL
) ENGINE=InnoDB DEFAULT CHARSET=utf8 COLLATE=utf8_general_ci;

--
-- Dumping data for table `ingredient_units`
--

INSERT INTO `ingredient_units` (`id`, `ingredient_name`, `unit`) VALUES
(1, 'เส้นก๋วยเตี๋ยว เล็ก/ใหญ่(แห้ง)', 'กรัม'),
(2, 'เส้นก๋วยเตี๋ยว เล็ก(เส้นสด)', 'กรัม'),
(3, 'เส้นก๋วยเตี๋ยว ใหญ่(เส้นสด)', 'กรัม'),
(4, 'ขนมจีน(แป้งสด)', 'กรัม'),
(5, 'ขนมจีน(แป้งหมัก)', 'กรัม'),
(6, 'ขนมปังปอนต์', 'กรัม'),
(7, 'ข้าวโพด(ต้ม)', 'กรัม'),
(8, 'ข้าวเหนียว(นึ่ง)', 'กรัม'),
(9, 'น้ำนมข้าวโพด', 'มิลลิลิตร'),
(10, 'น้ำนมข้าว', 'มิลลิลิตร'),
(11, 'บะหมี่(สด)', 'กรัม'),
(12, 'บะหมี่กึ่งสำเร็จรูป(พร้อมเครื่องปรุงรสหมู)', 'กรัม'),
(13, 'แป้งข้าวเจ้า', 'กรัม'),
(14, 'เส้นหมี่(แห้ง)', 'กรัม'),
(15, 'เผือก(ดิบ)', 'กรัม'),
(16, 'มันแกว(ดิบ)', 'กรัม'),
(17, 'มันเทศสีส้ม(ดิบ)', 'กรัม'),
(18, 'มันเทศสีม่วงแดง(ดิบ)', 'กรัม'),
(19, 'มันเทศสีเหลือง(ดิบ)', 'กรัม'),
(20, 'มันฝรั่ง(ดิบ)', 'กรัม'),
(21, 'มันสำปะหลัง(ดิบ)', 'กรัม'),
(22, 'แป้งมันสำปะหลัง', 'กรัม'),
(23, 'สาคูเม็ดเล็ก(ดิบ)', 'กรัม'),
(24, 'หัวไชเท้า(ดิบ)', 'กรัม'),
(25, 'บีทรูท(ดิบ)', 'กรัม'),
(26, 'หัวไช้โป๊วเค็ม', 'กรัม'),
(27, 'หัวไช้โป๊วหวาน', 'กรัม'),
(28, 'เกาลัด(ดิบ)', 'กรัม'),
(29, 'งาขาว(คั่ว)', 'กรัม'),
(30, 'งาขาว(ดิบ)', 'กรัม'),
(31, 'งาดำ', 'กรัม'),
(32, 'เต้าเจี้ยว', 'ช้อนโต๊ะ'),
(33, 'เต้าหู้ขาว', 'กรัม'),
(34, 'เต้าหู้ทอด', 'กรัม'),
(35, 'เต้าหู้ยี้', 'กรัม'),
(36, 'เต้าหู้เหลือง', 'กรัม'),
(37, 'ถั่วขาว', 'กรัม'),
(38, 'ถั่วเขียว', 'กรัม'),
(39, 'แป้งถั่วเขียว', 'กรัม'),
(40, 'ถั่วดำ(คั่ว)', 'กรัม'),
(41, 'ถั่วดำ(ดิบ)', 'กรัม'),
(42, 'ถั่วแดง(คั่ว)', 'กรัม'),
(43, 'ถั่วแดง(ดิบ)', 'กรัม'),
(44, 'ถั่วลันเตา', 'กรัม'),
(45, 'ถั่วเน่า', 'กรัม'),
(46, 'ถั่วลิสง(ดิบ)', 'กรัม'),
(47, 'ถั่วลิสง(อบเกลือ)', 'กรัม'),
(48, 'ถั่วเหลือง(ดิบ)', 'กรัม'),
(49, 'นมถั่วเหลือง', 'มิลลิลิตร'),
(50, 'แปะก๊วย', 'กรัม'),
(51, 'น้ำตาลมะพร้าว', 'กรัม'),
(52, 'เนื้อมะพร้าวอ่อน', 'กรัม'),
(53, 'เมล็ดกระถิน', 'กรัม'),
(54, 'เมล็ดขนุน(ดิบ)', 'กรัม'),
(55, 'เมล็ดถั่วแขก(ดิบ)', 'กรัม'),
(56, 'เมล็ดถั่วพู(ลวก)', 'กรัม'),
(57, 'เมล็ดบัว(นึ่ง)', 'กรัม'),
(58, 'เมล็ดบัว(สด)', 'กรัม'),
(59, 'เมล็ดบัว(ดิบ)', 'กรัม'),
(60, 'เมล็ดมะขาม(คั่ว)', 'กรัม'),
(61, 'เมล็ดมะม่วงหิมพานต์(คั่ว)', 'กรัม'),
(62, 'เมล็ดมะม่วงหิมพานต์(ดิบ)', 'กรัม'),
(63, 'เมล็ดมะม่วงหิมพานต์(อบเนย)', 'กรัม'),
(64, 'วุ้นเส้น', 'กรัม'),
(65, 'กระชาย', 'หัว'),
(66, 'ยอดกระถิน', 'กรัม'),
(67, 'ต้นกระเทียม', 'กรัม'),
(68, 'กวางตุ้ง', 'กรัม'),
(69, 'กวางตุ้งไต้หวัน', 'กรัม'),
(70, 'กะเพราขาว', 'กรัม'),
(71, 'กะเพราแดง', 'กรัม'),
(72, 'ดอกกะหล่ำ', 'กรัม'),
(73, 'ผักแขนง', 'กรัม'),
(74, 'กะหล่ำปลี', 'กรัม'),
(75, 'กะหล่ำปลีม่วง', 'กรัม'),
(76, 'ดอกกุยช่าย', 'กรัม'),
(77, 'ขมิ้นขาว', 'กรัม'),
(78, 'ข้าวโพดอ่อน', 'กรัม'),
(79, 'ยอดข่าอ่อน', 'กรัม'),
(80, 'ข่าอ่อน', 'กรัม'),
(81, 'ขิงแก่', 'กรัม'),
(82, 'ขิงอ่อน', 'กรัม'),
(83, 'ดอกขี้เหล็ก', 'กรัม'),
(84, 'ยอดขี้เหล็ก', 'กรัม'),
(85, 'ขึ้นฉ่าย', 'กรัม'),
(86, 'ดอกแค', 'กรัม'),
(87, 'ยอดแค', 'กรัม'),
(88, 'แครอท', 'กรัม'),
(89, 'ใบชะพลู', 'กรัม'),
(90, 'ยอดชะอม', 'กรัม'),
(91, 'ดอกต้นหอม', 'กรัม'),
(92, 'ต้นหอม', 'กรัม'),
(93, 'ต้นอ่อนทานตะวัน', 'กรัม'),
(94, 'ตั้งโอ๋', 'กรัม'),
(95, 'ยอดตำลึง', 'กรัม'),
(96, 'แตงกวา', 'กรัม'),
(97, 'แตงกวาญี่ปุ่น', 'กรัม'),
(98, 'แตงไทยอ่อน', 'กรัม'),
(99, 'แตงโมอ่อน', 'กรัม'),
(100, 'แตงร้าน', 'กรัม'),
(101, 'ถั่วงอก', 'กรัม'),
(102, 'ถั่วงอกหัวโต', 'กรัม'),
(103, 'ถั่วฝักยาว', 'กรัม'),
(104, 'ถั่วพู', 'กรัม'),
(105, 'ถั่วลันเตา', 'กรัม'),
(106, 'บรอกโคลี', 'กรัม'),
(107, 'บวบเหลี่ยม', 'กรัม'),
(108, 'ใบบัวบก', 'กรัม'),
(109, 'ใบเตย', 'ใบ'),
(110, 'น้ำใบเตย', 'มิลลิลิตร'),
(111, 'ผักกะเฉด', 'กรัม'),
(112, 'ผักกาดขาว', 'กรัม'),
(113, 'ผักกาดเขียว', 'กรัม'),
(114, 'ผักกาดหอม', 'กรัม'),
(115, 'ผักกูด', 'กรัม'),
(116, 'ผักคะน้า', 'กรัม'),
(117, 'ผักชี', 'กรัม'),
(118, 'ผักชีฝรั่ง', 'กรัม'),
(119, 'ผักบุ้งจีน', 'กรัม'),
(120, 'ผักบุ้งไทย(ขาว)', 'กรัม'),
(121, 'ผักบุ้งไทย(แดง)', 'กรัม'),
(122, 'พริกขี้หนู', 'เม็ด'),
(123, 'พริกจินดา(เขียว)', 'เม็ด'),
(124, 'พริกจินดา(แดง)', 'เม็ด'),
(125, 'พริกชี้ฟ้า(แดง)', 'เม็ด'),
(126, 'พริกไทย', 'กรัม'),
(127, 'พริกหนุ่ม', 'กรัม'),
(128, 'พริกหยวก', 'กรัม'),
(129, 'พริกหวาน', 'กรัม'),
(130, 'พริกเหลือง', 'กรัม'),
(131, 'ฟักเขียว', 'กรัม'),
(132, 'ฟักทอง', 'กรัม'),
(133, 'ยอดฟักทอง', 'กรัม'),
(134, 'มะขามเปียก', 'กรัม'),
(135, 'มะเขือเปราะ', 'กรัม'),
(136, 'มะเขือพวง', 'กรัม'),
(137, 'มะเขือเทศ(ลูกเล็ก)', 'กรัม'),
(138, 'มะเขือเทศ(ลูกใหญ่)', 'กรัม'),
(139, 'มะเขือเทศราชินี', 'กรัม'),
(140, 'มะเขือยาว', 'กรัม'),
(141, 'มะเขือม่วง', 'กรัม'),
(142, 'มะดัน', 'กรัม'),
(143, 'มะเดื่อ', 'กรัม'),
(144, 'มะระขี้นก', 'กรัม'),
(145, 'มะระจีน', 'กรัม'),
(146, 'มะรุม', 'กรัม'),
(147, 'มะระกอ(ดิบ)', 'กรัม'),
(148, 'ใบแมงลัก', 'กรัม'),
(149, 'ใบยอ', 'กรัม'),
(150, 'ยอดมะพร้าวอ่อน', 'กรัม'),
(151, 'ใบย่านาง', 'กรัม'),
(152, 'ใบยี่หร่า', 'กรัม'),
(153, 'ดอกสะเดา', 'กรัม'),
(154, 'ยอดสะเดา', 'กรัม'),
(155, 'สะตอ', 'กรัม'),
(156, 'สายบัว', 'กรัม'),
(157, 'หน่อไม้', 'กรัม'),
(158, 'หยวกกล้วยน้ำว้า', 'กรัม'),
(159, 'หอมหัวใหญ่', 'กรัม'),
(160, 'หัวปลี', 'กรัม'),
(161, 'เห็ดขมิ้น', 'กรัม'),
(162, 'เห็ดเข็มทอง', 'กรัม'),
(163, 'เห็ดชาง', 'กรัม'),
(164, 'เห็นนางฟ้า', 'กรัม'),
(165, 'เห็ดฟาง', 'กรัม'),
(166, 'เห็ดหอม', 'กรัม'),
(167, 'เห็ดหูหนู', 'กรัม'),
(168, 'กล้วยไข่', 'กรัม'),
(169, 'กล้วยน้ำว้า', 'กรัม'),
(170, 'กล้วยเล็บมือนาง', 'กรัม'),
(171, 'กล้วยหอม', 'กรัม'),
(172, 'กล้วยหักมุก', 'กรัม'),
(173, 'แก้วมังกร(เนื้อชมพู)', 'กรัม'),
(174, 'แก้วมังกร(เนื้อขาว)', 'กรัม'),
(175, 'ขนุน', 'กรัม'),
(176, 'แคนตาลูป', 'กรัม'),
(177, 'เงาะ', 'กรัม'),
(178, 'ชมพู่', 'กรัม'),
(179, 'เชอร์รี่นอก', 'กรัม'),
(180, 'แตงไทย(สุก)', 'กรัม'),
(181, 'แตงโม', 'กรัม'),
(182, 'แตงโมเหลือง', 'กรัม'),
(183, 'ทุเรียนกวน', 'กรัม'),
(184, 'ทุเรียนก้านยาว', 'กรัม'),
(185, 'ทุเรียนชะนี', 'กรัม'),
(186, 'ทุเรียนหมอนทอง', 'กรัม'),
(187, 'น้อยหน่า', 'กรัม'),
(188, 'ฝรั่ง', 'กรัม'),
(189, 'พลับ', 'กรัม'),
(190, 'พุทรา', 'กรัม'),
(191, 'มะขามเทศ', 'กรัม'),
(192, 'มะขามป้อม', 'กรัม'),
(193, 'มะขามหวาน', 'กรัม'),
(194, 'มะปราง', 'กรัม'),
(195, 'มะเฟือง', 'กรัม'),
(196, 'มะไฟ', 'กรัม'),
(197, 'มะม่วงเขียวเสวย(ดิบ)', 'กรัม'),
(198, 'มะม่วงเขียวเสวย(สุก)', 'กรัม'),
(199, 'มะม่วงน้ำดอกไม้', 'กรัม'),
(200, 'มะม่วงยายกล่ำ', 'กรัม'),
(201, 'มะม่วงอกร่อง', 'กรัม'),
(202, 'มะละกอสุก', 'กรัม'),
(203, 'มังคุด', 'กรัม'),
(204, 'ระกำ', 'กรัม'),
(205, 'ราสเบอรี่', 'กรัม'),
(206, 'ลอดกอง', 'กรัม'),
(207, 'ละมุด', 'กรัม'),
(208, 'ลางสาด', 'กรัม'),
(209, 'ลำไย', 'กรัม'),
(210, 'ลิ้นจี่', 'กรัม'),
(211, 'ลูกจันทร์', 'กรัม'),
(212, 'ลูกตาล', 'กรัม'),
(213, 'ลูกท้อ', 'กรัม'),
(214, 'ลูกหว้า', 'กรัม'),
(215, 'ลูกพลัม', 'กรัม'),
(216, 'สตรอว์เบอร์รี่', 'กรัม'),
(217, 'ส้มเขียวหวาน', 'กรัม'),
(218, 'ส้มเช้ง', 'กรัม'),
(219, 'ส้มสายน้ำผึ้ง', 'กรัม'),
(220, 'ส้มแมนดาริน', 'กรัม'),
(221, 'ส้มโอ', 'กรัม'),
(222, 'ส้มโอ(ขาวแตงกวา)', 'กรัม'),
(223, 'ส้มโอ(ขาวน้ำผึ้ง)', 'กรัม'),
(224, 'สัปปะรด', 'กรัม'),
(225, 'สัปปะรดภูแล', 'กรัม'),
(226, 'สัปปะรดศรีราชา', 'กรัม'),
(227, 'สาลี่', 'กรัม'),
(228, 'สาลี่หอม', 'กรัม'),
(229, 'สาลี่หิมะ', 'กรัม'),
(230, 'องุ่นเขียว', 'กรัม'),
(231, 'องุ่นดำ', 'กรัม'),
(232, 'องุ่นแดง(ลูกใหญ่)', 'กรัม'),
(233, 'องุ่นแดงนอก(ลูกเล็ก)', 'กรัม'),
(234, 'แอปเปิลเขียว', 'กรัม'),
(235, 'แอปเปิลแดง', 'กรัม'),
(236, 'แอปเปิลแดง(วอชิงตัน)', 'กรัม'),
(237, 'แอปเปิลแดง(ฟูจิ)', 'กรัม'),
(238, 'กบ', 'กรัม'),
(239, 'กระบือ(เนื้อ)', 'กรัม'),
(240, 'กระรอก', 'กรัม'),
(241, 'ตับไก่', 'กรัม'),
(242, 'เนื้อไก่', 'กรัม'),
(243, 'เลือดไก่(สุก)', 'กรัม'),
(244, 'อกไก่', 'กรัม'),
(245, 'สะโพกไก่', 'กรัม'),
(246, 'ปีกไก่', 'กรัม'),
(247, 'หนังไก่', 'กรัม'),
(248, 'แคปหมู(มีมัน)', 'กรัม'),
(249, 'แคปหมู(ไม่มีมัน)', 'กรัม'),
(250, 'เนื้อนกกระทา', 'กรัม'),
(251, 'เนื้อเป็ด', 'กรัม'),
(252, 'เลือดเป็ด(สุก)', 'กรัม'),
(253, 'หนังเป็ด', 'กรัม'),
(254, 'ตับเป็ด', 'กรัม'),
(255, 'เนื้อแพะ', 'กรัม'),
(256, 'กระเพาะวัว(สุก)', 'กรัม'),
(257, 'เนื้อวัว', 'กรัม'),
(258, 'เนื้อโหนกวัว', 'กรัม'),
(259, 'เนื้อวัวแดดเดียว(ดิบ)', 'กรัม'),
(260, 'เนื้อวัวสันใน', 'กรัม'),
(261, 'เนื้อวัวสันนอก', 'กรัม'),
(262, 'เนื้อวัวซี่โครง', 'กรัม'),
(263, 'สะโพกวัว', 'กรัม'),
(264, 'ปอดวัว', 'กรัม'),
(265, 'ผ้าขี้ริ้วัว', 'กรัม'),
(266, 'รกวัว', 'กรัม'),
(267, 'ลำไส้วัว(สุก)', 'กรัม'),
(268, 'ไขกระดูกวัว', 'กรัม'),
(269, 'ลิ้นวัว', 'กรัม'),
(270, 'ตับวัว', 'กรัม'),
(271, 'ลูกชิ้นวัว(ดิบ)', 'กรัม'),
(272, 'ไส้กรอกคอกเทล(ไก่)', 'กรัม'),
(273, 'ไส้กรอกคอกเทล(หมู)', 'กรัม'),
(274, 'ไส้กรอกเวียนนา(ไก่)', 'กรัม'),
(275, 'ไส้กรอกเวียนนา(หมู)', 'กรัม'),
(276, 'ไส้กรอกหมู(ดิบ)', 'กรัม'),
(277, 'ไส้อั่ว', 'กรัม'),
(278, 'หนูนา', 'กรัม'),
(279, 'เนื้อหมู', 'กรัม'),
(280, 'ปอดหมู', 'กรัม'),
(281, 'เลือดหมู(สุก)', 'กรัม'),
(282, 'กระเพาะหมู', 'กรัม'),
(283, 'ตับหมู', 'กรัม'),
(284, 'เนื้อหมูซี่โครงอ่อน', 'กรัม'),
(285, 'มันหมู', 'กรัม'),
(286, 'เนื้อหมูสันใน', 'กรัม'),
(287, 'เนื้อหมูสันคอ', 'กรัม'),
(288, 'หมูสามชั้น', 'กรัม'),
(289, 'สะโพกหมู', 'กรัม'),
(290, 'หมูเด้ง', 'กรัม'),
(291, 'หนังหมู', 'กรัม'),
(292, 'หมูหยอง', 'กรัม'),
(293, 'หมูแหนม', 'กรัม'),
(294, 'หมูแฮม', 'กรัม'),
(295, 'หมูยอ', 'กรัม'),
(296, 'เบคอน', 'กรัม'),
(297, 'ลิ้นหมู', 'กรัม'),
(298, 'หูหมู', 'กรัม'),
(299, 'กุ้ง', 'กรัม'),
(300, 'กุ้งฝอย', 'กรัม'),
(301, 'กุ้งแห้ง', 'กรัม'),
(302, 'ปลากลาย', 'กรัม'),
(303, 'ปลากะพงขาว', 'กรัม'),
(304, 'ปลาเก๋า', 'กรัม'),
(305, 'ปลาช่อน', 'กรัม'),
(306, 'ปลาซาบะ', 'กรัม'),
(307, 'ปลาดุก', 'กรัม'),
(308, 'ปลาตะเพียน', 'กรัม'),
(309, 'ปลาทู(นึ่ง)', 'กรัม'),
(310, 'ปลาทูน่า(สด)', 'กรัม'),
(311, 'ปลาทูน่า(ในน้ำมัน)', 'กรัม'),
(312, 'ปลาทูน่า(ในน้ำสลัด)', 'กรัม'),
(313, 'ปลาทับทิม', 'กรัม'),
(314, 'ปลานิล', 'กรัม'),
(315, 'ปลาเนื้ออ่อน', 'กรัม'),
(316, 'ปลาบึก', 'กรัม'),
(317, 'ปลาร้า', 'กรัม'),
(318, 'ปลาร้า(ผง)', 'กรัม'),
(319, 'ปลาสลิด', 'กรัม'),
(320, 'ปลาสวาย', 'กรัม'),
(321, 'ปลาหมอ', 'กรัม'),
(322, 'หมึกกล้วย', 'กรัม'),
(323, 'หมึกระเป๋า', 'กรัม'),
(324, 'ปลาไหล', 'กรัม'),
(325, 'ปลาโอ', 'กรัม'),
(326, 'ปูม้า(สด)', 'กรัม'),
(327, 'ปูอัด', 'กรัม'),
(328, 'ลูกชิ้นปลา', 'กรัม'),
(329, 'หอยแครง', 'กรัม'),
(330, 'หอยแมลงภู่', 'กรัม'),
(331, 'ไข่ไก่(เฉพาะไข่ขาว)', 'กรัม'),
(332, 'ไข่ไก่(เฉพาะไข่แดง)', 'กรัม'),
(333, 'ไข่ไก่', 'ฟอง'),
(334, 'ไข่นกกะทา', 'ฟอง'),
(335, 'ไข่เป็ด(เฉพาะไข่ขาว)', 'กรัม'),
(336, 'ไข่เป็ด(เฉพาะไข่แดง)', 'กรัม'),
(337, 'ไข่เป็ด', 'ฟอง'),
(338, 'ไข่มดแดง', 'กรัม'),
(339, 'เต้าหู้ไข่', 'กรัม'),
(340, 'นมพาสเจอร์ไรส์(รสจืด)', 'มิลลิลิตร'),
(341, 'นมพาสเจอร์ไรส์(รสหวาน)', 'มิลลิลิตร'),
(342, 'นมยูเอชที(รสจืด)', 'มิลลิลิตร'),
(343, 'นมยูเอชที(รสหวาน)', 'มิลลิลิตร'),
(344, 'นมสเตอรฺไลส์(รสจืด)', 'มิลลิลิตร'),
(345, 'นมข้นจืด', 'มิลลิลิตร'),
(346, 'นมข้นหวาน', 'มิลลิลิตร'),
(347, 'นมเปรี้ยว', 'มิลลิลิตร'),
(348, 'นมผง', 'กรัม'),
(349, 'นมอัดเม็ด', 'กรัม'),
(350, 'นมแพะพลาสเจอร์ไรส์', 'มิลลิลิตร'),
(351, 'นมสด', 'มิลลิลิตร'),
(352, 'เนยเค็ม', 'กรัม'),
(353, 'เนยจืด', 'กรัม'),
(354, 'เชดด้าชีส', 'กรัม'),
(355, 'มอสซาเรลล่าชีส', 'กรัม'),
(356, 'ครีมชีส', 'กรัม'),
(357, 'โยเกิร์ต', 'กรัม'),
(358, 'โยเกิร์ต(พร่องมันเนย)', 'กรัม'),
(359, 'โยเกิร์ต(รสหวานพร้อมดื่ม)', 'มิลลิลิตร'),
(360, 'กระเทียม', 'กลีบ'),
(361, 'กะปิ', 'กรัม'),
(362, 'ขมิ้นชัน', 'กรัม'),
(363, 'ข่า', 'กรัม'),
(364, 'เครื่องแกงเผ็ด', 'กรัม'),
(365, 'เครื่องแกงมัสมั่น', 'กรัม'),
(366, 'ดอกจันทน์เทศ', 'กรัม'),
(367, 'ตะไคร้', 'ต้น'),
(368, 'ใบกระวาน(แห้ง)', 'ใบ'),
(369, 'ผงกะหรี่', 'กรัม'),
(370, 'รากผักชี', 'ราก'),
(371, 'ลูกผักชี', 'กรัม'),
(372, 'พริกขี้หนู(แห้ง)', 'กรัม'),
(373, 'พริกชี้ฟ้า(แห้ง)', 'กรัม'),
(374, 'พริกไทยขาว', 'กรัม'),
(375, 'พริกไทยดำ', 'กรัม'),
(376, 'ผลพะโล้', 'กรัม'),
(377, 'ใบมะกรูด', 'ใบ'),
(378, 'มัสตาด', 'กรัม'),
(379, 'ใบสะระแหน่', 'ใบ'),
(380, 'หอมแดง', 'หัว'),
(381, 'ใบโหระพา', 'ใบ'),
(382, 'อบเชย', 'กรัม'),
(383, 'วัตถุดิบทดสอบ', 'กรัม'),
(384, 'น้ำปลา', 'ช้อนโต๊ะ'),
(385, 'น้ำปลาร้า', 'ช้อนโต๊ะ'),
(386, 'มะนาว', 'ผล'),
(387, 'น้ำส้มสายชู', 'ช้อนโต๊ะ'),
(388, 'ซีอิ๊วขาว', 'ช้อนโต๊ะ'),
(389, 'ซีอิ๊วดำหวาน', 'ช้อนโต๊ะ'),
(390, 'ซีอิ๊วดำเค็ม', 'ช้อนโต๊ะ'),
(391, 'ซอสหอยนางรม', 'ช้อนโต๊ะ'),
(392, 'ซอสปรุงรสฝาเขียว', 'ช้อนโต๊ะ'),
(393, 'ซอสพริก', 'ช้อนโต๊ะ'),
(394, 'ซอสมะเขือเทศ', 'ช้อนโต๊ะ'),
(395, 'ซอสโชยุ', 'ช้อนโต๊ะ'),
(396, 'ซอสเทอริยากิ', 'ช้อนโต๊ะ'),
(397, 'ซอสพริกศรีราชา', 'ช้อนโต๊ะ'),
(398, 'ซอสเห็ดหอม', 'ช้อนโต๊ะ'),
(399, 'น้ำมันปาล์ม', 'ช้อนโต๊ะ'),
(400, 'น้ำมันถั่วเหลือง', 'ช้อนโต๊ะ'),
(401, 'น้ำมันรำข้าว', 'ช้อนโต๊ะ'),
(402, 'น้ำมันมะพร้าว', 'ช้อนโต๊ะ'),
(403, 'น้ำมันมะกอก', 'ช้อนโต๊ะ'),
(404, 'น้ำมันงา', 'ช้อนโต๊ะ'),
(405, 'พริกป่น', 'ช้อนชา'),
(406, 'ผงกระเทียม', 'ช้อนชา'),
(407, 'ผงหัวหอม', 'ช้อนชา'),
(408, 'ผงขิง', 'ช้อนชา'),
(409, 'ผงขมิ้น', 'ช้อนชา'),
(410, 'ผงฟู', 'ช้อนชา'),
(411, 'เบกกิ้งโซดา', 'ช้อนชา'),
(412, 'น้ำตาลทรายขาว', 'ช้อนโต๊ะ'),
(413, 'น้ำตาลทรายแดง', 'ช้อนโต๊ะ'),
(414, 'น้ำตาลปี๊บ', 'ช้อนโต๊ะ'),
(415, 'เกลือป่น', 'ช้อนชา'),
(416, 'น้ำผึ้ง', 'ช้อนโต๊ะ'),
(417, 'วาซาบิ', 'ช้อนชา'),
(418, 'มายองเนส', 'ช้อนโต๊ะ'),
(419, 'มาการีน', 'ช้อนโต๊ะ'),
(420, 'พริกจินดา(แห้ง)', 'เม็ด'),
(421, 'ข้าวสวย', 'กรัม'),
(422, 'หมูกรอบ', 'กรัม'),
(423, 'เส้นมาม่า', 'ก้อน'),
(424, 'น่องไก่', 'กรัม'),
(425, 'แป้งทอดกรอบ', 'กรัม'),
(426, 'พริกแกงเขียวหวาน', 'กรัม'),
(427, 'กะทิ', 'มิลลิลิตร'),
(428, 'พริกแกงส้ม', 'กรัม'),
(429, 'พริกแกงพะแนง', 'กรัม'),
(430, 'พริกแกงแดง', 'กรัม'),
(431, 'หอยลาย', 'กรัม'),
(432, 'น้ำพริกเผา', 'ช้อนโต๊ะ'),
(433, 'แคบหมู', 'กรัม'),
(434, 'ขนมปังแผ่น', 'แผ่น'),
(435, 'มะพร้าวขูด', 'กรัม'),
(436, 'กระดูกหมูอ่อน', 'กรัม'),
(437, 'ข้าวเหนียวมูน', 'กรัม'),
(438, 'แป้งข้าวเหนียว', 'กรัม'),
(439, 'มะพร้าวคั่ว', 'กรัม'),
(440, 'ชาดำ', 'มิลลิลิตร'),
(441, 'กาแฟ', 'มิลลิลิตร'),
(442, 'ผงโกโก้', 'ช้อนชา'),
(443, 'ผงกาแฟ', 'ช้อนชา'),
(444, 'ผงปาปริก้า', 'ช้อนโต๊ะ'),
(445, 'รสดีรสหมู', 'ช้อนชา'),
(446, 'รสดีรสไก่', 'ช้อนชา'),
(447, 'ผงชูรส', 'ช้อนชา'),
(448, 'พริกแกงมัสมั่น', 'กรัม'),
(449, 'หัวกะทิ', 'มิลลิลิตร'),
(450, 'หางกะทิ', 'มิลลิลิตร'),
(451, 'น้ำมะขามเปียก', 'ช้อนโต๊ะ'),
(452, 'ข้าวเหนียวเขี้ยวงู', 'กรัม'),
(453, 'แป้งท้าวยายม่อม', 'ช้อนโต๊ะ'),
(454, 'ข้าวคั่ว', 'ช้อนโต๊ะ'),
(455, 'หมึกกระดอง', 'กรัม'),
(456, 'เนื้อไก่สันใน', 'กรัม'),
(457, 'แป้งข้าวโพด', 'ช้อนโต๊ะ'),
(458, 'แผ่นเกี้ยว', 'แผ่น'),
(459, 'เหล้าจีน', 'มิลลิลิตร'),
(460, 'ปลากระป๋อง', 'กรัม'),
(461, 'น้ำมันพืช', 'มิลลิลิตร'),
(462, 'ข้าวโพด(ดิบ)', 'กรัม'),
(463, 'แป้งเทมปุระ', 'ช้อนโต๊ะ'),
(464, 'ผงปรุงรส', 'ช้อนชา'),
(465, 'หมูบด', 'กรัม'),
(466, 'หมูสับ', 'กรัม'),
(467, 'กุ้งบด', 'กรัม'),
(468, 'เห็ดนางฟ้า', 'กรัม'),
(469, 'ทุเรียน(ดิบ)', 'กรัม'),
(470, 'น้ำปูนใส', 'มิลลิลิตร'),
(471, 'น้ำมะนาว', 'ช้อนโต๊ะ'),
(472, 'เอสเปรสโซ', 'มิลลิลิตร'),
(473, 'ครีมเทียม', 'มิลลิลิตร'),
(474, 'ผงชาเขียว(มัทฉะ)', 'ช้อนชา'),
(475, 'ผงโกโก้', 'ช้อนชา');

-- --------------------------------------------------------

--
-- Table structure for table `recipes`
--

CREATE TABLE `recipes` (
  `id` int(11) NOT NULL,
  `name` varchar(255) NOT NULL,
  `image_url` varchar(255) DEFAULT NULL,
  `ingredients` longtext CHARACTER SET utf8mb4 COLLATE utf8mb4_bin NOT NULL CHECK (json_valid(`ingredients`)),
  `secondary_ingredients` longtext DEFAULT NULL,
  `instructions` text DEFAULT NULL,
  `servings` int(11) NOT NULL DEFAULT 1,
  `category_id` int(11) DEFAULT NULL,
  `source` text DEFAULT NULL,
  `menu_type` text DEFAULT NULL
) ENGINE=InnoDB DEFAULT CHARSET=utf8mb4 COLLATE=utf8mb4_unicode_ci;

--
-- Dumping data for table `recipes`
--

INSERT INTO `recipes` (`id`, `name`, `image_url`, `ingredients`, `secondary_ingredients`, `instructions`, `servings`, `category_id`, `source`, `menu_type`) VALUES
(14, 'เมนูทดสอบ', 'test1.jpg', '[{\"name\": \"วัตถุดิบทดสอบ\", \"amount\": 500, \"unit\": \"กรัม\"}]', NULL, 'ทดสอบ', 1, 6, 'ทดสอบ', '[\"system\"]'),
(15, 'ผัดกะเพราหมูสับ', 'stirfried1.jpg', '[\r\n  {\"name\": \"เนื้อหมูสันคอ\", \"amount\": 400, \"unit\": \"กรัม\"},\r\n  {\"name\": \"กะเพราขาว\", \"amount\": 50, \"unit\": \"กรัม\"},\r\n  {\"name\": \"กระเทียม\", \"amount\": 30, \"unit\": \"กลีบ\"},\r\n  {\"name\": \"พริกจินดา(แดง)\", \"amount\": 12, \"unit\": \"เม็ด\"},\r\n  {\"name\": \"พริกจินดา(แห้ง)\", \"amount\": 6, \"unit\": \"เม็ด\"}\r\n]', '[\r\n  {\"name\": \"น้ำปลา\", \"amount\": 1, \"unit\": \"ช้อนโต๊ะ\"},\r\n  {\"name\": \"ซอสปรุงรสฝาเขียว\", \"amount\": 1.5, \"unit\": \"ช้อนโต๊ะ\"},\r\n  {\"name\": \"ซอสหอยนางรม\", \"amount\": 3, \"unit\": \"ช้อนโต๊ะ\"},\r\n  {\"name\": \"ซีอิ๊วดำหวาน\", \"amount\": 0.5, \"unit\": \"ช้อนโต๊ะ\"},\r\n  {\"name\": \"น้ำตาลทรายขาว\", \"amount\": 0.5, \"unit\": \"ช้อนโต๊ะ\"}\r\n]', '[\r\n  \"หั่นหมูสันคอออกเป็นชิ้นๆ แล้วสับหมูให้ละเอียดตามความต้องการ พักไว้\",\r\n  \"โขลกพริกแห้งให้ละเอียด จากนั้นใส่พริกแดงจินดาและกระเทียมลงไปโขลกรวมกัน (หรือปั่นแทนได้)\",\r\n  \"ตั้งกระทะให้ร้อน ใส่น้ำมันพืชพอประมาณ ผัดพริกและกระเทียมให้มีกลิ่นหอม\",\r\n  \"ใส่หมูสับลงไปผัดให้กระจายตัวไม่เกาะเป็นก้อน ผัดจนหมูเริ่มสุก\",\r\n  \"ปรุงรสด้วยน้ำมันหอย น้ำปลา ซอสปรุงรส ซีอิ๊วดำหวาน และน้ำตาลทราย เล็กน้อย เร่งไฟผัดให้เข้ากัน\",\r\n  \"ชิมรสชาติ จากนั้นใส่ใบกะเพราลงไปผัดพอเข้ากัน ปิดเตา ตักเสิร์ฟ\"\r\n]', 4, 3, '{\r\n  \"url\": \"https://food.trueid.net/detail/k7DvOYgLXXeP\",\r\n  \"facebook\": \"กินได้อร่อยด้วย\",\r\n  \"youtube\": \"กินได้อร่อยด้วย\",\r\n  \"note\": \"\"\r\n}', '[\"system\"]'),
(16, 'กุ้งทอดเกลือ', 'fry1.jpg', '[\r\n    { \"name\": \"กุ้ง\", \"amount\": 500, \"unit\": \"กรัม\" },\r\n    { \"name\": \"กระเทียม\", \"amount\": 7, \"unit\": \"กลีบ\" }\r\n]', '[\r\n    { \"name\": \"เนยจืด\", \"amount\": 15, \"unit\": \"กรัม\" },\r\n    { \"name\": \"เกลือป่น\", \"amount\": 0.5, \"unit\": \"ช้อนชา\" },\r\n    { \"name\": \"ซอสปรุงรสฝาเขียว\", \"amount\": 1, \"unit\": \"ช้อนโต๊ะ\" },\r\n    { \"name\": \"ซอสหอยนางรม\", \"amount\": 1, \"unit\": \"ช้อนโต๊ะ\" },\r\n    { \"name\": \"น้ำตาลทรายขาว\", \"amount\": 0.35, \"unit\": \"ช้อนโต๊ะ\" },\r\n    { \"name\": \"พริกไทย\", \"amount\": 0.5, \"unit\": \"กรัม\" }\r\n]', '[\r\n    \"นำกุ้งมาล้างทำความสะอาด แล้วเปลือก ผ่าหลังเอาเส้นดำออก\",\r\n    \"นำกระเทียมมาสับพอหยาบๆ\",\r\n    \"ตั้งกระทะใส่น้ำมัน รอจนน้ำมันร้อนจัด\",\r\n    \"นำกุ้งลงทอดให้กุ้งสุกประมาณ 60-80% อย่าทอดนานเกินไปจนเนื้อกุ้งกระด้าง\",\r\n    \"นำกุ้งขึ้นมาพักไว้ แล้วเทน้ำมันออกเล็กน้อย\",\r\n    \"เปิดเตา ใส่เนยลงไป ตามด้วยกระเทียมสับ\",\r\n    \"ใส่กุ้งที่พักไว้ลงไปทอดต่อ เร่งไฟแรงแล้วปรุงรสด้วยซอสหอยนางรม เกลือ ซอสปรุงรส น้ำตาลทราย และพริกไทย\",\r\n    \"คลุกเคล้าให้ส่วนผสมเข้ากันดี จากนั้นตักใส่จานพร้อมเสิร์ฟ\"\r\n]', 3, 2, '{\r\n  \"url\": \"https://food.trueid.net/detail/G1bbdMAIYjk1\",\r\n  \"facebook\": \"กินได้อร่อยด้วย\",\r\n  \"youtube\": \"กินได้อร่อยด้วย\",\r\n  \"note\": \"\"\r\n}', '[\"system\"]'),
(20, 'ผัดกะเพราหมูสับราดข้าว', 'onedishmeal1.jpg', '[\r\n  { \"name\": \"เนื้อหมู\", \"amount\": 100, \"unit\": \"กรัม\" },\r\n  { \"name\": \"กะเพราขาว\", \"amount\": 10, \"unit\": \"กรัม\" },\r\n  { \"name\": \"กระเทียม\", \"amount\": 3, \"unit\": \"กลีบ\" },\r\n  { \"name\": \"พริกจินดา(แดง)\", \"amount\": 2, \"unit\": \"เม็ด\" },\r\n  { \"name\": \"ข้าวสวย\", \"amount\": 150, \"unit\": \"กรัม\" }\r\n]', '[\r\n  { \"name\": \"น้ำปลา\", \"amount\": 1, \"unit\": \"ช้อนโต๊ะ\" },\r\n  { \"name\": \"ซอสหอยนางรม\", \"amount\": 1, \"unit\": \"ช้อนโต๊ะ\" },\r\n  { \"name\": \"น้ำตาลทรายขาว\", \"amount\": 1, \"unit\": \"ช้อนโต๊ะ\" },\r\n  { \"name\": \"น้ำมันถั่วเหลือง\", \"amount\": 1, \"unit\": \"ช้อนโต๊ะ\" }\r\n]\r\n', '', 1, 8, '{\"note\": \"เป็นเมนูสำเร็จรูป\"}', '[\"general\"]'),
(21, 'ข้าวผัดหมู', 'onedishmeal2.jpg', '[\r\n  { \"name\": \"เนื้อหมู\", \"amount\": 100, \"unit\": \"กรัม\" },\r\n  { \"name\": \"ข้าวสวย\", \"amount\": 150, \"unit\": \"กรัม\" },\r\n  { \"name\": \"ไข่ไก่\", \"amount\": 1, \"unit\": \"ฟอง\" },\r\n  { \"name\": \"ผักคะน้า\", \"amount\": 30, \"unit\": \"กรัม\" },\r\n  { \"name\": \"แครอท\", \"amount\": 20, \"unit\": \"กรัม\" },\r\n  { \"name\": \"กระเทียม\", \"amount\": 2, \"unit\": \"กลีบ\" }\r\n]', '[\r\n  { \"name\": \"ซอสหอยนางรม\", \"amount\": 1, \"unit\": \"ช้อนโต๊ะ\" },\r\n  { \"name\": \"ซีอิ๊วขาว\", \"amount\": 1, \"unit\": \"ช้อนโต๊ะ\" },\r\n  { \"name\": \"น้ำตาลทรายขาว\", \"amount\": 1, \"unit\": \"ช้อนโต๊ะ\" },\r\n  { \"name\": \"น้ำมันถั่วเหลือง\", \"amount\": 1, \"unit\": \"ช้อนโต๊ะ\" }\r\n]', '', 1, 8, '{\"note\": \"เป็นเมนูสำเร็จรูป\"}', '[\"general\"]'),
(22, 'ราดหน้าหมูเส้นใหญ่', 'onedishmeal3.jpg', '[\r\n    { \"name\": \"เส้นก๋วยเตี๋ยว ใหญ่(เส้นสด)\", \"amount\": 120, \"unit\": \"กรัม\" },\r\n    { \"name\": \"เนื้อหมู\", \"amount\": 100, \"unit\": \"กรัม\" },\r\n    { \"name\": \"ผักคะน้า\", \"amount\": 50, \"unit\": \"กรัม\" },\r\n    { \"name\": \"กระเทียม\", \"amount\": 2, \"unit\": \"กลีบ\" }\r\n]', '[\r\n    { \"name\": \"น้ำมันถั่วเหลือง\", \"amount\": 1, \"unit\": \"ช้อนโต๊ะ\" },\r\n    { \"name\": \"ซอสหอยนางรม\", \"amount\": 1, \"unit\": \"ช้อนโต๊ะ\" },\r\n    { \"name\": \"ซีอิ๊วขาว\", \"amount\": 1, \"unit\": \"ช้อนโต๊ะ\" },\r\n    { \"name\": \"น้ำตาลทรายขาว\", \"amount\": 0.4, \"unit\": \"ช้อนโต๊ะ\" },\r\n    { \"name\": \"แป้งมันสำปะหลัง\", \"amount\": 5, \"unit\": \"กรัม\" }\r\n]', '', 1, 8, '{\"note\": \"เป็นเมนูสำเร็จรูป\"}', '[\"general\"]'),
(23, 'ข้าวไข่เจียวหมูสับ', 'fry3.jpg', '[\r\n    { \"name\": \"ไข่ไก่\", \"amount\": 2, \"unit\": \"ฟอง\" },\r\n    { \"name\": \"เนื้อหมู\", \"amount\": 50, \"unit\": \"กรัม\" },\r\n    { \"name\": \"ข้าวสวย\", \"amount\": 150, \"unit\": \"กรัม\" }\r\n]', '[\r\n    { \"name\": \"น้ำมันถั่วเหลือง\", \"amount\": 1.5, \"unit\": \"ช้อนโต๊ะ\" },\r\n    { \"name\": \"ซีอิ๊วขาว\", \"amount\": 0.4, \"unit\": \"ช้อนโต๊ะ\" }\r\n]', '', 1, 2, '{\"note\": \"เป็นเมนูสำเร็จรูป\"}', '[\"general\"]'),
(24, 'ไข่ดาว', 'fry2.jpg', '[\r\n    { \"name\": \"ไข่ไก่\", \"amount\": 1, \"unit\": \"ฟอง\" }\r\n]', '[\r\n    { \"name\": \"น้ำมันถั่วเหลือง\", \"amount\": 1, \"unit\": \"ช้อนโต๊ะ\" }\r\n]', '[\r\n  \"ตอกไข่ใส่ถ้วยเตรียมไว้\",\r\n  \"ตั้งกระทะบนไฟกลาง ใส่น้ำมันพืชเล็กน้อย\",\r\n  \"รอจนน้ำมันร้อนจัดแล้วค่อย ๆ เทไข่ลงกระทะ\",\r\n  \"ทอดจนไข่ขาวสุกกรอบแต่ไข่แดงยังเยิ้ม (หรือตามระดับสุกที่ต้องการ)\",\r\n  \"ตักขึ้นพักบนกระดาษซับน้ำมัน พร้อมเสิร์ฟ\"\r\n]\r\n', 1, 2, '{\"note\": \"สูตรตามบ้านทั่วไป\"}', '[\"general\", \"system\"]'),
(25, 'ข้าวสวย 1 ถ้วย', 'other1.jpg', '[\r\n    { \"name\": \"ข้าวสวย\", \"amount\": 150, \"unit\": \"กรัม\" }\r\n]', '', '[\r\n    \"ตักข้าวสวยหุงสุกในปริมาณ 1 ถ้วย (ประมาณ 150 กรัม) เตรียมพร้อมเสิร์ฟ\",\r\n    \"สามารถใช้ข้าวที่หุงด้วยหม้อหุงข้าว หรือหม้อต้มก็ได้ตามความสะดวก\",\r\n    \"แนะนำให้พักข้าวให้ระอุก่อนเสิร์ฟประมาณ 5 นาที\"\r\n]', 1, 12, '{\"note\": \"เป็นเมนูสำเร็จรูป\"}', '[\"general\", \"system\"]'),
(26, 'คะน้าหมูกรอบราดข้าว', 'onedishmeal4.jpg', '[\r\n  { \"name\": \"หมูกรอบ\", \"amount\": 80, \"unit\": \"กรัม\" },\r\n  { \"name\": \"ผักคะน้า\", \"amount\": 60, \"unit\": \"กรัม\" },\r\n  { \"name\": \"กระเทียม\", \"amount\": 2, \"unit\": \"กลีบ\" },\r\n  { \"name\": \"พริกจินดา(แดง)\", \"amount\": 2, \"unit\": \"เม็ด\" },\r\n  { \"name\": \"ข้าวสวย\", \"amount\": 150, \"unit\": \"กรัม\" }\r\n]\r\n', '[\r\n  { \"name\": \"น้ำมันถั่วเหลือง\", \"amount\": 1, \"unit\": \"ช้อนโต๊ะ\" },\r\n  { \"name\": \"ซอสหอยนางรม\", \"amount\": 1, \"unit\": \"ช้อนโต๊ะ\" },\r\n  { \"name\": \"ซีอิ๊วขาว\", \"amount\": 0.4, \"unit\": \"ช้อนโต๊ะ\" },\r\n  { \"name\": \"น้ำตาลทรายขาว\", \"amount\": 0.4, \"unit\": \"ช้อนโต๊ะ\" }\r\n]\r\n', NULL, 1, 8, '{\"note\": \"เป็นเมนูสำเร็จรูป\"}', '[\"general\"]'),
(27, 'ไก่ทอด', 'fry4.jpg', '[\r\n  { \"name\": \"น่องไก่\", \"amount\": 100, \"unit\": \"กรัม\" },\r\n  { \"name\": \"กระเทียม\", \"amount\": 4, \"unit\": \"กลีบ\" },\r\n  { \"name\": \"แป้งทอดกรอบ\", \"amount\": 10, \"unit\": \"กรัม\" }\r\n]\r\n', '[\r\n  { \"name\": \"ซีอิ๊วขาว\", \"amount\": 0.4, \"unit\": \"ช้อนโต๊ะ\" },\r\n  { \"name\": \"พริกไทย\", \"amount\": 0.5, \"unit\": \"กรัม\" },\r\n  { \"name\": \"น้ำมันถั่วเหลือง\", \"amount\": 1, \"unit\": \"ช้อนโต๊ะ\" }\r\n]\r\n', NULL, 1, 2, '{\"note\": \"เป็นเมนูสำเร็จรูป\"}', '[\"general\"]'),
(28, 'หมูทอด', 'fry5.jpg', '[\r\n  { \"name\": \"เนื้อหมู\", \"amount\": 100, \"unit\": \"กรัม\" },\r\n  { \"name\": \"กระเทียม\", \"amount\": 3, \"unit\": \"กลีบ\" },\r\n  { \"name\": \"แป้งทอดกรอบ\", \"amount\": 10, \"unit\": \"กรัม\" }\r\n]\r\n', '[\r\n  { \"name\": \"ซีอิ๊วขาว\", \"amount\": 0.4, \"unit\": \"ช้อนโต๊ะ\" },\r\n  { \"name\": \"น้ำตาลทรายขาว\", \"amount\": 0.4, \"unit\": \"ช้อนโต๊ะ\" },\r\n  { \"name\": \"พริกไทย\", \"amount\": 0.5, \"unit\": \"กรัม\" },\r\n  { \"name\": \"น้ำมันถั่วเหลือง\", \"amount\": 1, \"unit\": \"ช้อนโต๊ะ\" }\r\n]\r\n', NULL, 1, 2, '{\"note\": \"เป็นเมนูสำเร็จรูป\"}', '[\"general\"]'),
(29, 'แกงเขียวหวานไก่', 'curry1.jpg', '[\r\n  { \"name\": \"อกไก่\", \"amount\": 80, \"unit\": \"กรัม\" },\r\n  { \"name\": \"มะเขือเปราะ\", \"amount\": 50, \"unit\": \"กรัม\" },\r\n  { \"name\": \"ใบโหระพา\", \"amount\": 50, \"unit\": \"ใบ\" },\r\n  { \"name\": \"พริกชี้ฟ้า(แดง)\", \"amount\": 1, \"unit\": \"เม็ด\" }\r\n]\r\n', '[\r\n  { \"name\": \"พริกแกงเขียวหวาน\", \"amount\": 20, \"unit\": \"กรัม\" },\r\n  { \"name\": \"กะทิ\", \"amount\": 100, \"unit\": \"มิลลิลิตร\" },\r\n  { \"name\": \"น้ำปลา\", \"amount\": 0.4, \"unit\": \"ช้อนโต๊ะ\" },\r\n  { \"name\": \"น้ำตาลปี๊บ\", \"amount\": 0.4, \"unit\": \"ช้อนโต๊ะ\" }\r\n]\r\n', NULL, 1, 1, '{\"note\": \"เป็นเมนูสำเร็จรูป\"}', '[\"general\"]'),
(30, 'แกงส้มผักรวมกุ้ง', 'curry2.jpg', '[\r\n  { \"name\": \"กุ้ง\", \"amount\": 60, \"unit\": \"กรัม\" },\r\n  { \"name\": \"ดอกแค\", \"amount\": 30, \"unit\": \"กรัม\" },\r\n  { \"name\": \"แครอท\", \"amount\": 20, \"unit\": \"กรัม\" },\r\n  { \"name\": \"ถั่วฝักยาว\", \"amount\": 20, \"unit\": \"กรัม\" }\r\n]\r\n', '[\r\n  { \"name\": \"พริกแกงส้ม\", \"amount\": 20, \"unit\": \"กรัม\" },\r\n  { \"name\": \"น้ำปลา\", \"amount\": 0.4, \"unit\": \"ช้อนโต๊ะ\" },\r\n  { \"name\": \"น้ำมะขามเปียก\", \"amount\": 1, \"unit\": \"ช้อนโต๊ะ\" },\r\n  { \"name\": \"น้ำตาลปี๊บ\", \"amount\": 0.4, \"unit\": \"ช้อนโต๊ะ\" }\r\n]\r\n', NULL, 1, 1, '{\"note\": \"เป็นเมนูสำเร็จรูป\"}', '[\"general\"]'),
(31, 'แกงพะแนงหมู', 'curry3.jpg', '[\r\n  { \"name\": \"เนื้อหมู\", \"amount\": 80, \"unit\": \"กรัม\" },\r\n  { \"name\": \"ใบมะกรูด\", \"amount\": 2, \"unit\": \"ใบ\" },\r\n  { \"name\": \"พริกชี้ฟ้า(แดง)\", \"amount\": 1, \"unit\": \"เม็ด\" }\r\n]\r\n', '[\r\n  { \"name\": \"พริกแกงพะแนง\", \"amount\": 20, \"unit\": \"กรัม\" },\r\n  { \"name\": \"กะทิ\", \"amount\": 100, \"unit\": \"มิลลิลิตร\" },\r\n  { \"name\": \"น้ำปลา\", \"amount\": 0.4, \"unit\": \"ช้อนโต๊ะ\" },\r\n  { \"name\": \"น้ำตาลปี๊บ\", \"amount\": 0.4, \"unit\": \"ช้อนโต๊ะ\" }\r\n]\r\n', NULL, 1, 1, '{\"note\": \"เป็นเมนูสำเร็จรูป\"}', '[\"general\"]'),
(32, 'แกงเผ็ดไก่มะเขือ', 'curry4.jpg', '[\r\n  { \"name\": \"เนื้อไก่\", \"amount\": 80, \"unit\": \"กรัม\" },\r\n  { \"name\": \"มะเขือเปราะ\", \"amount\": 50, \"unit\": \"กรัม\" },\r\n  { \"name\": \"ใบมะกรูด\", \"amount\": 2, \"unit\": \"ใบ\" },\r\n  { \"name\": \"พริกชี้ฟ้า(แดง)\", \"amount\": 1, \"unit\": \"เม็ด\" }\r\n]\r\n', '[\r\n  { \"name\": \"พริกแกงแดง\", \"amount\": 20, \"unit\": \"กรัม\" },\r\n  { \"name\": \"กะทิ\", \"amount\": 100, \"unit\": \"มิลลิลิตร\" },\r\n  { \"name\": \"น้ำปลา\", \"amount\": 0.4, \"unit\": \"ช้อนโต๊ะ\" },\r\n  { \"name\": \"น้ำตาลปี๊บ\", \"amount\": 0.4, \"unit\": \"ช้อนโต๊ะ\" }\r\n]\r\n', NULL, 1, 1, '{\"note\": \"เป็นเมนูสำเร็จรูป\"}', '[\"general\"]'),
(33, 'ผัดพริกแกงหมูถั่วฝักยาว', 'stirfried2.jpg', '[\r\n  { \"name\": \"เนื้อหมู\", \"amount\": 80, \"unit\": \"กรัม\" },\r\n  { \"name\": \"ถั่วฝักยาว\", \"amount\": 50, \"unit\": \"กรัม\" },\r\n  { \"name\": \"ใบมะกรูด\", \"amount\": 1, \"unit\": \"ใบ\" }\r\n]\r\n', '[\r\n  { \"name\": \"พริกแกงแดง\", \"amount\": 20, \"unit\": \"กรัม\" },\r\n  { \"name\": \"น้ำปลา\", \"amount\": 0.4, \"unit\": \"ช้อนโต๊ะ\" },\r\n  { \"name\": \"น้ำตาลทรายขาว\", \"amount\": 0.4, \"unit\": \"ช้อนโต๊ะ\" },\r\n  { \"name\": \"น้ำมันถั่วเหลือง\", \"amount\": 1, \"unit\": \"ช้อนโต๊ะ\" }\r\n]\r\n', NULL, 1, 3, '{\"note\": \"เป็นเมนูสำเร็จรูป\"}', '[\"general\"]'),
(34, 'ผัดคะน้าหมูกรอบ', 'stirfried3.jpg', '[\r\n  { \"name\": \"หมูกรอบ\", \"amount\": 80, \"unit\": \"กรัม\" },\r\n  { \"name\": \"ผักคะน้า\", \"amount\": 60, \"unit\": \"กรัม\" },\r\n  { \"name\": \"กระเทียม\", \"amount\": 2, \"unit\": \"กลีบ\" },\r\n  { \"name\": \"พริกจินดา(แดง)\", \"amount\": 2, \"unit\": \"เม็ด\" }\r\n]\r\n', '[\r\n  { \"name\": \"น้ำมันถั่วเหลือง\", \"amount\": 1, \"unit\": \"ช้อนโต๊ะ\" },\r\n  { \"name\": \"ซอสหอยนางรม\", \"amount\": 1, \"unit\": \"ช้อนโต๊ะ\" },\r\n  { \"name\": \"ซีอิ๊วขาว\", \"amount\": 0.4, \"unit\": \"ช้อนโต๊ะ\" },\r\n  { \"name\": \"น้ำตาลทรายขาว\", \"amount\": 0.4, \"unit\": \"ช้อนโต๊ะ\" }\r\n]\r\n', NULL, 1, 3, '{\"note\": \"เป็นเมนูสำเร็จรูป\"}', '[\"general\"]'),
(35, 'ผัดซีอิ๊วหมู', 'stirfried4.jpg', '[\r\n  { \"name\": \"เส้นก๋วยเตี๋ยว ใหญ่(เส้นสด)\", \"amount\": 150, \"unit\": \"กรัม\" },\r\n  { \"name\": \"เนื้อหมู\", \"amount\": 80, \"unit\": \"กรัม\" },\r\n  { \"name\": \"ไข่ไก่\", \"amount\": 1, \"unit\": \"ฟอง\" },\r\n  { \"name\": \"ผักคะน้า\", \"amount\": 50, \"unit\": \"กรัม\" },\r\n  { \"name\": \"กระเทียม\", \"amount\": 2, \"unit\": \"กลีบ\" }\r\n]\r\n', '[\r\n  { \"name\": \"น้ำมันถั่วเหลือง\", \"amount\": 1, \"unit\": \"ช้อนโต๊ะ\" },\r\n  { \"name\": \"ซีอิ๊วดำหวาน\", \"amount\": 1, \"unit\": \"ช้อนโต๊ะ\" },\r\n  { \"name\": \"ซีอิ๊วขาว\", \"amount\": 0.4, \"unit\": \"ช้อนโต๊ะ\" },\r\n  { \"name\": \"น้ำตาลทรายขาว\", \"amount\": 0.4, \"unit\": \"ช้อนโต๊ะา\" }\r\n]\r\n', NULL, 1, 3, '{\"note\": \"เป็นเมนูสำเร็จรูป\"}', '[\"general\"]'),
(36, 'ผัดผักรวมเต้าหู้', 'stirfried5.jpg', '[\r\n  { \"name\": \"เต้าหู้ขาว\", \"amount\": 80, \"unit\": \"กรัม\" },\r\n  { \"name\": \"แครอท\", \"amount\": 30, \"unit\": \"กรัม\" },\r\n  { \"name\": \"เห็ดฟาง\", \"amount\": 30, \"unit\": \"กรัม\" },\r\n  { \"name\": \"บรอกโคลี\", \"amount\": 30, \"unit\": \"กรัม\" },\r\n  { \"name\": \"กระเทียม\", \"amount\": 2, \"unit\": \"กลีบ\" }\r\n]\r\n', '[\r\n  { \"name\": \"น้ำมันถั่วเหลือง\", \"amount\": 1, \"unit\": \"ช้อนโต๊ะ\" },\r\n  { \"name\": \"ซีอิ๊วขาว\", \"amount\": 0.4, \"unit\": \"ช้อนโต๊ะ\" },\r\n  { \"name\": \"ซอสเห็ดหอม\", \"amount\": 0.4, \"unit\": \"ช้อนโต๊ะ\" },\r\n  { \"name\": \"น้ำตาลทรายขาว\", \"amount\": 0.4, \"unit\": \"ช้อนโต๊ะ\" }\r\n]\r\n', NULL, 1, 3, '{\"note\": \"เป็นเมนูสำเร็จรูป\"}', '[\"general\"]'),
(37, 'ไก่ย่าง(สูตรอีสาน)', 'grill1.jpg', '[\r\n  { \"name\": \"น่องไก่\", \"amount\": 120, \"unit\": \"กรัม\" },\r\n  { \"name\": \"กระเทียม\", \"amount\": 2, \"unit\": \"กลีบ\" },\r\n  { \"name\": \"รากผักชี\", \"amount\": 1, \"unit\": \"ราก\" },\r\n  { \"name\": \"พริกไทย\", \"amount\": 1, \"unit\": \"กรัม\" }\r\n]\r\n', '[\r\n  { \"name\": \"น้ำปลา\", \"amount\": 0.4, \"unit\": \"ช้อนโต๊ะ\" },\r\n  { \"name\": \"ซีอิ๊วขาว\", \"amount\": 0.4, \"unit\": \"ช้อนโต๊ะ\" },\r\n  { \"name\": \"น้ำตาลปี๊บ\", \"amount\": 0.4, \"unit\": \"ช้อนโต๊ะ\" },\r\n  { \"name\": \"ผงขมิ้น\", \"amount\": 0.5, \"unit\": \"ช้อนชา\" }\r\n]\r\n', NULL, 1, 6, '{\"note\": \"เป็นเมนูสำเร็จรูป\"}', '[\"general\"]'),
(38, 'คอหมูย่าง', 'grill2.jpg', '[\r\n  { \"name\": \"เนื้อหมูสันคอ\", \"amount\": 100, \"unit\": \"กรัม\" },\r\n  { \"name\": \"กระเทียม\", \"amount\": 2, \"unit\": \"กลีบ\" },\r\n  { \"name\": \"รากผักชี\", \"amount\": 1, \"unit\": \"ราก\" },\r\n  { \"name\": \"พริกไทย\", \"amount\": 0.5, \"unit\": \"กรัม\" }\r\n]\r\n', '[\r\n  { \"name\": \"น้ำปลา\", \"amount\": 0.4, \"unit\": \"ช้อนโต๊ะ\" },\r\n  { \"name\": \"ซีอิ๊วขาว\", \"amount\": 0.4, \"unit\": \"ช้อนโต๊ะ\" },\r\n  { \"name\": \"น้ำตาลปี๊บ\", \"amount\": 0.4, \"unit\": \"ช้อนโต๊ะ\" },\r\n  { \"name\": \"นมสด\", \"amount\": 15, \"unit\": \"มิลลิลิตร\" }\r\n]\r\n', NULL, 1, 6, '{\"note\": \"เป็นเมนูสำเร็จรูป\"}', '[\"general\"]'),
(39, 'ไก่ย่างสมุนไพร', 'grill3.jpg', '[\r\n  { \"name\": \"อกไก่\", \"amount\": 100, \"unit\": \"กรัม\" },\r\n  { \"name\": \"กระเทียม\", \"amount\": 2, \"unit\": \"กลีบ\" },\r\n  { \"name\": \"ตะไคร้\", \"amount\": 0.25, \"unit\": \"ต้น\" },\r\n  { \"name\": \"ใบมะกรูด\", \"amount\": 1, \"unit\": \"ใบ\" }\r\n]\r\n', '[\r\n  { \"name\": \"น้ำปลา\", \"amount\": 0.4, \"unit\": \"ช้อนโต๊ะ\" },\r\n  { \"name\": \"ซอสปรุงรสฝาเขียว\", \"amount\": 0.4, \"unit\": \"ช้อนโต๊ะ\" },\r\n  { \"name\": \"น้ำผึ้ง\", \"amount\": 0.4, \"unit\": \"ช้อนโต๊ะ\" },\r\n  { \"name\": \"พริกไทย\", \"amount\": 0.3, \"unit\": \"กรัม\" }\r\n]\r\n', NULL, 1, 6, '{\"note\": \"เป็นเมนูสำเร็จรูป\"}', '[\"general\"]'),
(40, 'หมูปิ้งนมสด', 'grill4.jpg', '[\r\n  { \"name\": \"เนื้อหมูสันใน\", \"amount\": 100, \"unit\": \"กรัม\" },\r\n  { \"name\": \"กระเทียม\", \"amount\": 2, \"unit\": \"กลีบ\" },\r\n  { \"name\": \"รากผักชี\", \"amount\": 1, \"unit\": \"ราก\" },\r\n  { \"name\": \"พริกไทย\", \"amount\": 0.5, \"unit\": \"กรัม\" }\r\n]\r\n', '[\r\n  { \"name\": \"นมสด\", \"amount\": 15, \"unit\": \"มิลลิลิตร\" },\r\n  { \"name\": \"น้ำปลา\", \"amount\": 0.4, \"unit\": \"ช้อนโต๊ะ\" },\r\n  { \"name\": \"ซีอิ๊วขาว\", \"amount\": 0.4, \"unit\": \"ช้อนโต๊ะ\" },\r\n  { \"name\": \"น้ำตาลทรายขาว\", \"amount\": 0.4, \"unit\": \"ช้อนโต๊ะ\" }\r\n]\r\n', NULL, 1, 6, '{\"note\": \"เป็นเมนูสำเร็จรูป\"}', '[\"general\"]'),
(41, 'ปลานึ่งมะนาว', 'steam1.jpg', '[\r\n  { \"name\": \"ปลากะพงขาว\", \"amount\": 120, \"unit\": \"กรัม\" },\r\n  { \"name\": \"กระเทียม\", \"amount\": 2, \"unit\": \"กลีบ\" },\r\n  { \"name\": \"พริกจินดา(แดง)\", \"amount\": 2, \"unit\": \"เม็ด\" },\r\n  { \"name\": \"ต้นหอม\", \"amount\": 5, \"unit\": \"กรัม\" }\r\n]\r\n', '[\r\n  { \"name\": \"น้ำปลา\", \"amount\": 0.4, \"unit\": \"ช้อนโต๊ะ\" },\r\n  { \"name\": \"มะนาว\", \"amount\": 0.5, \"unit\": \"ผล\" },\r\n  { \"name\": \"น้ำตาลทรายขาว\", \"amount\": 0.4, \"unit\": \"ช้อนโต๊ะ\" },\r\n]\r\n', NULL, 1, 7, '{\"note\": \"เป็นเมนูสำเร็จรูป\"}', '[\"general\"]'),
(42, 'ไข่ตุ๋นหมูสับ', 'steam2.jpg', '[\r\n  { \"name\": \"ไข่ไก่\", \"amount\": 1, \"unit\": \"ฟอง\" },\r\n  { \"name\": \"เนื้อหมู\", \"amount\": 40, \"unit\": \"กรัม\" },\r\n  { \"name\": \"แครอท\", \"amount\": 10, \"unit\": \"กรัม\" },\r\n  { \"name\": \"ต้นหอม\", \"amount\": 5, \"unit\": \"กรัม\" }\r\n]\r\n', '[\r\n  { \"name\": \"ซีอิ๊วขาว\", \"amount\": 0.4, \"unit\": \"ช้อนโต๊ะ\" },\r\n  { \"name\": \"ซอสหอยนางรม\", \"amount\": 0.4, \"unit\": \"ช้อนโต๊ะ\" },\r\n  { \"name\": \"พริกไทย\", \"amount\": 0.2, \"unit\": \"กรัม\" }\r\n]\r\n', NULL, 1, 7, '{\"note\": \"เป็นเมนูสำเร็จรูป\"}', '[\"general\"]'),
(43, 'เต้าหู้นึ่งหมูสับซีอิ๊ว', 'steam3.jpg', '[\r\n  { \"name\": \"เต้าหู้ไข่\", \"amount\": 80, \"unit\": \"กรัม\" },\r\n  { \"name\": \"เนื้อหมู\", \"amount\": 50, \"unit\": \"กรัม\" },\r\n  { \"name\": \"ต้นหอม\", \"amount\": 5, \"unit\": \"กรัม\" },\r\n  { \"name\": \"แครอท\", \"amount\": 10, \"unit\": \"กรัม\" }\r\n]\r\n', '[\r\n  { \"name\": \"ซีอิ๊วขาว\", \"amount\": 0.4, \"unit\": \"ช้อนโต๊ะ\" },\r\n  { \"name\": \"น้ำตาลทรายขาว\", \"amount\": 0.4, \"unit\": \"ช้อนโต๊ะ\" },\r\n  { \"name\": \"พริกไทย\", \"amount\": 0.2, \"unit\": \"กรัม\" }\r\n]\r\n', NULL, 1, 7, '{\"note\": \"เป็นเมนูสำเร็จรูป\"}\r\n', '[\"general\"]'),
(44, 'ไก่นึ่งตะไคร้', 'steam4.jpg', '[\r\n  { \"name\": \"อกไก่\", \"amount\": 100, \"unit\": \"กรัม\" },\r\n  { \"name\": \"ตะไคร้\", \"amount\": 0.5, \"unit\": \"ต้น\" },\r\n  { \"name\": \"ใบมะกรูด\", \"amount\": 2, \"unit\": \"ใบ\" },\r\n  { \"name\": \"ขิงแก่\", \"amount\": 5, \"unit\": \"กรัม\" }\r\n]\r\n', '[\r\n  { \"name\": \"น้ำปลา\", \"amount\": 0.4, \"unit\": \"ช้อนโต๊ะ\" },\r\n  { \"name\": \"ซีอิ๊วขาว\", \"amount\": 0.4, \"unit\": \"ช้อนโต๊ะ\" },\r\n  { \"name\": \"พริกไทย\", \"amount\": 0.3, \"unit\": \"กรัม\" }\r\n]\r\n', NULL, 1, 7, '{\"note\": \"เป็นเมนูสำเร็จรูป\"}', '[\"general\"]'),
(45, 'หอยลายผัดพริกเผา', 'stirfried6.jpg', '[\r\n  { \"name\": \"หอยลาย\", \"amount\": 1000, \"unit\": \"กรัม\" },\r\n  { \"name\": \"ใบโหระพา\", \"amount\": 100, \"unit\": \"กรัม\" },\r\n  { \"name\": \"พริกขี้หนู\", \"amount\": 10, \"unit\": \"เม็ด\" },\r\n  { \"name\": \"กระเทียม\", \"amount\": 5, \"unit\": \"กลีบ\" }\r\n]\r\n', '[\r\n  { \"name\": \"น้ำปลา\", \"amount\": 0.4, \"unit\": \"ช้อนโต๊ะ\" },\r\n  { \"name\": \"น้ำพริกเผา\", \"amount\": 2, \"unit\": \"ช้อนโต๊ะ\" },\r\n  { \"name\": \"น้ำมันถั่วเหลือง\", \"amount\": 0.8, \"unit\": \"ช้อนโต๊ะ\" },\r\n  { \"name\": \"น้ำตาลทรายขาว\", \"amount\": 0.5, \"unit\": \"ช้อนโต๊ะ\" },\r\n  { \"name\": \"ซอสหอยนางรม\", \"amount\": 1, \"unit\": \"ช้อนโต๊ะ\" },\r\n  { \"name\": \"ซีอิ๊วขาว\", \"amount\": 0.5, \"unit\": \"ช้อนโต๊ะ\" }\r\n]\r\n', '[\r\n  \"ล้างหอยลายให้สะอาด หรือแช่น้ำให้หอยคายโคลน จากนั้นลวกในน้ำเดือดประมาณ 30–40 วินาที แล้วแช่ในน้ำเย็นจัด พักให้สะเด็ดน้ำ\",\r\n  \"ตั้งกระทะ ใส่น้ำมันพืชลงไป พอกระทะร้อนให้ใส่กระเทียมสับและพริกขี้หนูสวนลงผัดจนมีกลิ่นหอม\",\r\n  \"ปรุงรสด้วยน้ำตาลทราย น้ำมันหอย ซีอิ๊วขาว น้ำปลา และน้ำพริกเผา ผัดให้ส่วนผสมเข้ากันดี\",\r\n  \"ใส่หอยลายลงผัดจนฝาหอยเปิดและเนื้อสุกดี จากนั้นใส่ใบโหระพา ผัดพอทั่วแล้วปิดไฟ\",\r\n  \"ตักใส่จานพร้อมเสิร์ฟ รับประทานร้อนๆ กับข้าวสวย\"\r\n]\r\n', 2, 3, '{\r\n  \"url\": \"https://www.wongnai.com/recipes/stir-fried-clams-with-roasted-chili-paste\",\r\n  \"facebook\": \"\",\r\n  \"youtube\": \"\",\r\n  \"note\": \"จากผู้ใช้ที่ชื่อ gam.sali\"\r\n}', '[\"system\"]'),
(46, 'แคบหมูผัดพริกขิง', 'stirfried7.jpg', '[\r\n  { \"name\": \"แคบหมู\", \"amount\": 200, \"unit\": \"กรัม\" },\r\n  { \"name\": \"ถั่วฝักยาว\", \"amount\": 30, \"unit\": \"กรัม\" }\r\n]\r\n', '[\r\n  { \"name\": \"กระเทียม\", \"amount\": 8, \"unit\": \"กลีบ\" },\r\n  { \"name\": \"พริกจินดา(แห้ง)\", \"amount\": 10, \"unit\": \"เม็ด\" },\r\n  { \"name\": \"ขิงแก่\", \"amount\": 15, \"unit\": \"กรัม\" },\r\n  { \"name\": \"ตะไคร้\", \"amount\": 2, \"unit\": \"ต้น\" },\r\n  { \"name\": \"หอมแดง\", \"amount\": 8, \"unit\": \"หัว\" },\r\n  { \"name\": \"เกลือป่น\", \"amount\": 1, \"unit\": \"ช้อนชา\" },\r\n  { \"name\": \"ข่า\", \"amount\": 15, \"unit\": \"กรัม\" },\r\n  { \"name\": \"รากผักชี\", \"amount\": 3, \"unit\": \"ราก\" },\r\n  { \"name\": \"น้ำตาลปี๊บ\", \"amount\": 0.4, \"unit\": \"ช้อนโต๊ะ\" },\r\n  { \"name\": \"น้ำปลา\", \"amount\": 0.8, \"unit\": \"ช้อนโต๊ะ\" },\r\n  { \"name\": \"ใบมะกรูด\", \"amount\": 5, \"unit\": \"ใบ\" },\r\n  { \"name\": \"พริกจินดา(แดง)\", \"amount\": 2, \"unit\": \"เม็ด\" },\r\n  { \"name\": \"น้ำมันถั่วเหลือง\", \"amount\": 1, \"unit\": \"ช้อนโต๊ะ\" }\r\n]\r\n', '[\r\n  \"ใส่พริกแห้ง กระเทียม ข่าหั่นแว่น ตะไคร้ซอย หอมแดง เกลือสมุทร รากผักชี และขิงหั่นแว่นลงในครก โขลกให้ละเอียดเป็นพริกแกง\",\r\n  \"ตั้งกระทะด้วยไฟปานกลาง ใส่น้ำมันพืชลงไป รอจนร้อนแล้วใส่พริกแกงที่โขลกไว้ลงผัดจนเหลืองหอม\",\r\n  \"ปรุงรสด้วยน้ำปลา น้ำตาลปี๊บ และน้ำเปล่าเล็กน้อย คนให้เข้ากัน\",\r\n  \"ใส่แคบหมู ถั่วฝักยาว พริกแดงหั่นเฉียง และใบมะกรูดลงไป ผัดให้เข้ากันจนพอทั่วดี\",\r\n  \"ตักใส่จาน พร้อมเสิร์ฟทันที\"\r\n]\r\n', 3, 3, '{\r\n  \"url\": \"https://www.wongnai.com/recipes/stir-fried-pork-rinds-with-ginger-curry\",\r\n  \"facebook\": \"\",\r\n  \"youtube\": \"\",\r\n  \"note\": \"จากผู้ใช้ที่ชื่อ gam.sali\"\r\n}', '[\"system\"]'),
(47, 'ไข่ข้นแฮม', 'stirfried8.jpg', '[\r\n  { \"name\": \"ไข่ไก่\", \"amount\": 3, \"unit\": \"ฟอง\" },\r\n  { \"name\": \"หมูแฮม\", \"amount\": 50, \"unit\": \"กรัม\" },\r\n  { \"name\": \"ต้นหอม\", \"amount\": 2, \"unit\": \"กรัม\" }\r\n]\r\n', '[\r\n  { \"name\": \"เนย(เค็ม)\", \"amount\": 14, \"unit\": \"กรัม\" },\r\n  { \"name\": \"ซีอิ๊วขาว\", \"amount\": 0.4, \"unit\": \"ช้อนโต๊ะ\" },\r\n  { \"name\": \"พริกไทย\", \"amount\": 0.2, \"unit\": \"กรัม\" }\r\n]\r\n', '[\r\n  \"หั่นแฮมเป็นชิ้นพอดีคำ และหั่นต้นหอมซอย เตรียมไว้\",\r\n  \"ตอกไข่ไก่ใส่ชามผสม ปรุงรสด้วยซีอิ๊วขาว แล้วตีให้ไข่เข้ากันดี\",\r\n  \"ตั้งกระทะให้ร้อน ใส่น้ำมันพืชเล็กน้อย แล้วตามด้วยเนยสด\",\r\n  \"ใส่แฮมลงไปผัดพอหอม จากนั้นเทไข่ที่ตีไว้ลงไป ใช้ตะหลิวลากไข่ไปมาจนได้ระดับความสุกที่ต้องการ แล้วปิดเตา\",\r\n  \"ตักไข่ข้นราดลงบนข้าวสวยร้อน โรยต้นหอมซอย และพริกไทยป่น พร้อมเสิร์ฟ\"\r\n]\r\n', 1, 3, '{\r\n  \"url\": \"https://recipe.sgethai.com/recipes/creamy-omelet-with-bacon-on-rice/\",\r\n  \"facebook\": \"\",\r\n  \"youtube\": \"\",\r\n  \"note\": \"\"\r\n}', '[\"system\"]'),
(48, 'ไก่หวาน', 'stirfried9.jpg', '[\r\n  { \"name\": \"เนื้อสะโพกไก่\", \"amount\": 500, \"unit\": \"กรัม\" },\r\n  { \"name\": \"หอมแดง\", \"amount\": 10, \"unit\": \"หัว\" }\r\n]\r\n', '[\r\n  { \"name\": \"ซอสหอยนางรม\", \"amount\": 2, \"unit\": \"ช้อนโต๊ะ\" },\r\n  { \"name\": \"ซีอิ๊วขาว\", \"amount\": 3, \"unit\": \"ช้อนโต๊ะ\" },\r\n  { \"name\": \"ซีอิ๊วดำหวาน\", \"amount\": 1, \"unit\": \"ช้อนโต๊ะ\" },\r\n  { \"name\": \"น้ำตาลปี๊บ\", \"amount\": 5 , \"unit\": \"ช้อนโต๊ะ\" },\r\n  { \"name\": \"น้ำมันถั่วเหลือง\", \"amount\": 2, \"unit\": \"ช้อนโต๊ะ\" }\r\n]\r\n', '[\r\n  \"หั่นเนื้อสะโพกไก่เป็นชิ้นพอดีคำ เตรียมไว้\",\r\n  \"ใส่ไก่ลงในชามผสม ตามด้วยซอสหอยนางรม ซีอิ๊วขาว และซีอิ๊วดำ คลุกให้เข้ากันแล้วหมักทิ้งไว้ประมาณ 30 นาที\",\r\n  \"ตั้งกระทะเปิดไฟกลาง ใส่น้ำมันพืช ใส่หอมแดงลงไปผัดจนเหลืองหอม\",\r\n  \"ใส่เนื้อไก่ที่หมักไว้ลงผัดจนเนื้อเริ่มตึงตัว\",\r\n  \"เติมน้ำเปล่าลงไปเล็กน้อย เคี่ยวต่อจนไก่เริ่มสุกนุ่ม\",\r\n  \"ใส่น้ำตาลปี๊บ คนให้ละลาย จากนั้นเคี่ยวต่อให้ซอสข้นเหนียวและไก่สุกทั่วถึง พร้อมเสิร์ฟ\"\r\n]\r\n', 4, 3, '{\r\n  \"url\": \"https://recipe.sgethai.com/recipes/chicken-in-sweet-sauce/\",\r\n  \"facebook\": \"\",\r\n  \"youtube\": \"\",\r\n  \"note\": \"\"\r\n}', '[\"system\"]'),
(49, 'แซนด์วิชไข่ต้ม', 'snack1.jpg', '[\r\n  { \"name\": \"ไข่ไก่\", \"amount\": 1, \"unit\": \"ฟอง\" },\r\n  { \"name\": \"ขนมปังแผ่น\", \"amount\": 2, \"unit\": \"แผ่น\" },\r\n  { \"name\": \"ผักกาดหอม\", \"amount\": 15, \"unit\": \"กรัม\" }\r\n]\r\n', '[\r\n  { \"name\": \"มายองเนส\", \"amount\": 1, \"unit\": \"ช้อนโต๊ะ\" },\r\n  { \"name\": \"พริกไทย\", \"amount\": 0.1, \"unit\": \"กรัม\" }\r\n]\r\n', NULL, 1, 9, '{\"note\": \"เป็นเมนูสำเร็จรูป\"}', '[\"general\"]'),
(50, 'กล้วยแขก', 'snack2.jpg', '[\r\n  { \"name\": \"กล้วยน้ำว้า\", \"amount\": 100, \"unit\": \"กรัม\" },\r\n  { \"name\": \"แป้งทอดกรอบ\", \"amount\": 20, \"unit\": \"กรัม\" }\r\n]\r\n', '[\r\n  { \"name\": \"งาขาว(คั่ว)\", \"amount\": 2, \"unit\": \"กรัม\" },\r\n  { \"name\": \"มะพร้าวขูด\", \"amount\": 5, \"unit\": \"กรัม\" },\r\n  { \"name\": \"น้ำตาลทรายขาว\", \"amount\": 0.4, \"unit\": \"ช้อนโต๊ะ\" },\r\n  { \"name\": \"เกลือป่น\", \"amount\": 0.2, \"unit\": \"กรัม\" },\r\n  { \"name\": \"น้ำมันถั่วเหลือง\", \"amount\": 1, \"unit\": \"ช้อนโต๊ะ\" }\r\n]\r\n', NULL, 1, 9, '{\"note\": \"เป็นเมนูสำเร็จรูป\"}', '[\"general\"]'),
(51, 'ขนมปังหน้าหมู', 'snack3.jpg', '[\r\n  { \"name\": \"ขนมปังแผ่น\", \"amount\": 1, \"unit\": \"แผ่น\" },\r\n  { \"name\": \"เนื้อหมู\", \"amount\": 30, \"unit\": \"กรัม\" },\r\n  { \"name\": \"ไข่ไก่\", \"amount\": 0.5, \"unit\": \"ฟอง\" }\r\n]\r\n', '[\r\n  { \"name\": \"ซีอิ๊วขาว\", \"amount\": 0.4, \"unit\": \"ช้อนโต๊ะ\" },\r\n  { \"name\": \"กระเทียม\", \"amount\": 1, \"unit\": \"กลีบ\" },\r\n  { \"name\": \"พริกไทย\", \"amount\": 0.2, \"unit\": \"กรัม\" },\r\n  { \"name\": \"น้ำมันถั่วเหลือง\", \"amount\": 1, \"unit\": \"ช้อนโต๊ะ\" }\r\n]\r\n', NULL, 1, 9, '{\"note\": \"เป็นเมนูสำเร็จรูป\"}', '[\"general\"]'),
(52, 'ข้าวโพดคลุกมะพร้าว', 'snack4.jpg', '[\r\n  { \"name\": \"ข้าวโพด(ต้ม)\", \"amount\": 80, \"unit\": \"กรัม\" },\r\n  { \"name\": \"มะพร้าวขูด\", \"amount\": 10, \"unit\": \"กรัม\" }\r\n]\r\n', '[\r\n  { \"name\": \"น้ำตาลทรายขาว\", \"amount\": 0.4, \"unit\": \"ช้อนโต๊ะ\" },\r\n  { \"name\": \"เกลือป่น\", \"amount\": 0.2, \"unit\": \"กรัม\" }\r\n]\r\n', NULL, 1, 9, '{\"note\": \"เป็นเมนูสำเร็จรูป\"}', '[\"general\"]'),
(53, 'ต้มจืดเต้าหู้หมูสับ', 'boiled1.jpg', '[\r\n  { \"name\": \"เนื้อหมู\", \"amount\": 50, \"unit\": \"กรัม\" },\r\n  { \"name\": \"เต้าหู้ไข่\", \"amount\": 60, \"unit\": \"กรัม\" },\r\n  { \"name\": \"ผักกาดขาว\", \"amount\": 40, \"unit\": \"กรัม\" },\r\n  { \"name\": \"แครอท\", \"amount\": 20, \"unit\": \"กรัม\" }\r\n]\r\n', '[\r\n  { \"name\": \"กระเทียม\", \"amount\": 1, \"unit\": \"กลีบ\" },\r\n  { \"name\": \"ซีอิ๊วขาว\", \"amount\": 0.4, \"unit\": \"ช้อนโต๊ะ\" },\r\n  { \"name\": \"น้ำปลา\", \"amount\": 0.4, \"unit\": \"ช้อนโต๊ะ\" },\r\n  { \"name\": \"พริกไทย\", \"amount\": 0.2, \"unit\": \"กรัม\" }\r\n]\r\n', NULL, 1, 5, '{\"note\": \"เป็นเมนูสำเร็จรูป\"}', '[\"general\"]'),
(54, 'ต้มยำกุ้งน้ำใส', 'boiled2.jpg', '[\r\n  { \"name\": \"กุ้ง\", \"amount\": 60, \"unit\": \"กรัม\" },\r\n  { \"name\": \"เห็ดฟาง\", \"amount\": 40, \"unit\": \"กรัม\" },\r\n  { \"name\": \"มะเขือเทศ(ลูกใหญ่)\", \"amount\": 20, \"unit\": \"กรัม\" },\r\n  { \"name\": \"ต้นหอม\", \"amount\": 5, \"unit\": \"กรัม\" },\r\n  { \"name\": \"ผักชีฝรั่ง\", \"amount\": 2, \"unit\": \"กรัม\" }\r\n]\r\n', '[\r\n  { \"name\": \"ตะไคร้\", \"amount\": 0.5, \"unit\": \"ต้น\" },\r\n  { \"name\": \"ข่า\", \"amount\": 5, \"unit\": \"กรัม\" },\r\n  { \"name\": \"ใบมะกรูด\", \"amount\": 2, \"unit\": \"ใบ\" },\r\n  { \"name\": \"พริกขี้หนู\", \"amount\": 3, \"unit\": \"เม็ด\" },\r\n  { \"name\": \"น้ำปลา\", \"amount\": 0.4, \"unit\": \"ช้อนโต๊ะ\" },\r\n  { \"name\": \"มะนาว\", \"amount\": 1, \"unit\": \"ผล\" }\r\n]\r\n', NULL, 1, 5, '{\"note\": \"เป็นเมนูสำเร็จรูป\"}', '[\"general\"]'),
(55, 'ต้มข่าไก่', 'boiled3.jpg', '[\r\n  { \"name\": \"เนื้อไก่\", \"amount\": 60, \"unit\": \"กรัม\" },\r\n  { \"name\": \"กะทิ\", \"amount\": 100, \"unit\": \"มิลลิลิตร\" }\r\n]\r\n', '[\r\n  { \"name\": \"ข่า\", \"amount\": 5, \"unit\": \"กรัม\" },\r\n  { \"name\": \"ตะไคร้\", \"amount\": 0.5, \"unit\": \"ต้น\" },\r\n  { \"name\": \"ใบมะกรูด\", \"amount\": 2, \"unit\": \"ใบ\" },\r\n  { \"name\": \"พริกขี้หนู\", \"amount\": 3, \"unit\": \"เม็ด\" },\r\n  { \"name\": \"น้ำปลา\", \"amount\": 0.4, \"unit\": \"ช้อนโต๊ะ\" },\r\n  { \"name\": \"มะนาว\", \"amount\": 1, \"unit\": \"ผล\" }\r\n]\r\n', NULL, 1, 5, '{\"note\": \"เป็นเมนูสำเร็จรูป\"}', '[\"general\"]'),
(56, 'ต้มแซ่บกระดูกอ่อน', 'boiled4.jpg', '[\r\n  { \"name\": \"กระดูกหมูอ่อน\", \"amount\": 80, \"unit\": \"กรัม\" },\r\n  { \"name\": \"หอมแดง\", \"amount\": 1, \"unit\": \"หัว\" },\r\n  { \"name\": \"ผักชีฝรั่ง\", \"amount\": 5, \"unit\": \"กรัม\" }\r\n]\r\n', '[\r\n  { \"name\": \"ตะไคร้\", \"amount\": 0.5, \"unit\": \"ต้น\" },\r\n  { \"name\": \"ใบมะกรูด\", \"amount\": 2, \"unit\": \"ใบ\" },\r\n  { \"name\": \"พริกขี้หนู\", \"amount\": 3, \"unit\": \"เม็ด\" },\r\n  { \"name\": \"น้ำปลา\", \"amount\": 0.4, \"unit\": \"ช้อนโต๊ะ\" },\r\n  { \"name\": \"มะนาว\", \"amount\": 1, \"unit\": \"ผล\" }\r\n]\r\n', NULL, 1, 5, '{\"note\": \"เป็นเมนูสำเร็จรูป\"}', '[\"general\"]'),
(57, 'ข้าวเหนียวมะม่วง', 'dessert1.jpg', '[\r\n  { \"name\": \"ข้าวเหนียวมูน\", \"amount\": 100, \"unit\": \"กรัม\" },\r\n  { \"name\": \"มะม่วงน้ำดอกไม้\", \"amount\": 100, \"unit\": \"กรัม\" }\r\n]\r\n', '[\r\n  { \"name\": \"กะทิ\", \"amount\": 30, \"unit\": \"มิลลิลิตร\" },\r\n  { \"name\": \"งาขาว(คั่ว)\", \"amount\": 1, \"unit\": \"กรัม\" },\r\n  { \"name\": \"เกลือป่น\", \"amount\": 0.2, \"unit\": \"กรัม\" }\r\n]\r\n', NULL, 1, 4, '{\"note\": \"เป็นเมนูสำเร็จรูป\"}', '[\"general\"]'),
(58, 'กล้วยบวชชี', 'dessert2.jpg', '[\r\n  { \"name\": \"กล้วยน้ำว้า\", \"amount\": 100, \"unit\": \"กรัม\" },\r\n  { \"name\": \"กะทิ\", \"amount\": 100, \"unit\": \"มิลลิลิตร\" }\r\n]', '[\r\n  { \"name\": \"น้ำตาลทรายขาว\", \"amount\": 1, \"unit\": \"ช้อนโต๊ะ\" },\r\n  { \"name\": \"เกลือป่น\", \"amount\": 0.2, \"unit\": \"กรัม\" }\r\n]\r\n', NULL, 1, 4, '{\"note\": \"เป็นเมนูสำเร็จรูป\"}', '[\"general\"]'),
(59, 'บัวลอยเผือก', 'dessert3.jpg', '[\r\n  { \"name\": \"แป้งข้าวเหนียว\", \"amount\": 20, \"unit\": \"กรัม\" },\r\n  { \"name\": \"เผือก(ดิบ)\", \"amount\": 40, \"unit\": \"กรัม\" }\r\n]\r\n', '[\r\n  { \"name\": \"น้ำตาลปี๊บ\", \"amount\": 1, \"unit\": \"ช้อนโต๊ะ\" },\r\n  { \"name\": \"เกลือป่น\", \"amount\": 0.2, \"unit\": \"กรัม\" },\r\n  { \"name\": \"ใบเตย\", \"amount\": 1, \"unit\": \"ใบ\" }\r\n]\r\n', NULL, 1, 4, '{\"note\": \"เป็นเมนูสำเร็จรูป\"}', '[\"general\"]'),
(60, 'เผือกเชื่อม', 'dessert4.jpg', '[\r\n  { \"name\": \"เผือก(ดิบ)\", \"amount\": 80, \"unit\": \"กรัม\" }\r\n]\r\n', '[\r\n  { \"name\": \"น้ำตาลทรายขาว\", \"amount\": 1, \"unit\": \"ช้อนโต๊ะ\" },\r\n  { \"name\": \"เกลือป่น\", \"amount\": 0.2, \"unit\": \"กรัม\" },\r\n  { \"name\": \"ใบเตย\", \"amount\": 1, \"unit\": \"ใบ\" },\r\n  { \"name\": \"กะทิ\", \"amount\": 30, \"unit\": \"มิลลิลิตร\" }\r\n]\r\n', NULL, 1, 4, '{\"note\": \"เป็นเมนูสำเร็จรูป\"}', '[\"general\"]'),
(61, 'ยำวุ้นเส้นหมูสับ', 'salad1.jpg', '[\r\n  { \"name\": \"วุ้นเส้น\", \"amount\": 60, \"unit\": \"กรัม\" },\r\n  { \"name\": \"เนื้อหมู\", \"amount\": 50, \"unit\": \"กรัม\" },\r\n  { \"name\": \"กุ้ง\", \"amount\": 40, \"unit\": \"กรัม\" },\r\n  { \"name\": \"หอมหัวใหญ่\", \"amount\": 20, \"unit\": \"กรัม\" },\r\n  { \"name\": \"มะเขือเทศ\", \"amount\": 20, \"unit\": \"กรัม\" },\r\n  { \"name\": \"ขึ้นฉ่าย\", \"amount\": 10, \"unit\": \"กรัม\" }\r\n]\r\n', '[\r\n  { \"name\": \"น้ำปลา\", \"amount\": 1, \"unit\": \"ช้อนโต๊ะ\" },\r\n  { \"name\": \"มะนาว\", \"amount\": 1, \"unit\": \"ผล\" },\r\n  { \"name\": \"น้ำตาลทรายขาว\", \"amount\": 0.4, \"unit\": \"ช้อนโต๊ะ\" },\r\n  { \"name\": \"พริกขี้หนู\", \"amount\": 2, \"unit\": \"เม็ด\" }\r\n]\r\n', NULL, 1, 10, '{\"note\": \"เป็นเมนูสำเร็จรูป\"}', '[\"general\"]'),
(62, 'ยำไข่ต้มทรงเครื่อง', 'salad2.jpg', '[\r\n  { \"name\": \"ไข่ไก่\", \"amount\": 1, \"unit\": \"ฟอง\" },\r\n  { \"name\": \"หอมแดง\", \"amount\": 1, \"unit\": \"หัว\" },\r\n  { \"name\": \"มะเขือเทศห\", \"amount\": 20, \"unit\": \"กรัม\" },\r\n  { \"name\": \"ขึ้นฉ่าย\", \"amount\": 5, \"unit\": \"กรัม\" },\r\n  { \"name\": \"แตงกวา\", \"amount\": 30, \"unit\": \"กรัม\" }\r\n]\r\n', '[\r\n  { \"name\": \"น้ำปลา\", \"amount\": 0.4, \"unit\": \"ช้อนโต๊ะ\" },\r\n  { \"name\": \"มะนาว\", \"amount\": 1, \"unit\": \"ผล\" },\r\n  { \"name\": \"น้ำตาลทรายขาว\", \"amount\": 0.4, \"unit\": \"ช้อนโต๊ะ\" },\r\n  { \"name\": \"พริกขี้หนู\", \"amount\": 2, \"unit\": \"เม็ด\" }\r\n]\r\n', NULL, 1, 10, '{\"note\": \"เป็นเมนูสำเร็จรูป\"}', '[\"general\"]'),
(63, 'ยำถั่วพูไข่ต้ม', 'salad3.jpg', '[\r\n  { \"name\": \"ถั่วพู\", \"amount\": 50, \"unit\": \"กรัม\" },\r\n  { \"name\": \"ไข่ไก่\", \"amount\": 1, \"unit\": \"ฟอง\" },\r\n  { \"name\": \"หอมแดง\", \"amount\": 1, \"unit\": \"หัว\" },\r\n  { \"name\": \"มะพร้าวคั่ว\", \"amount\": 5, \"unit\": \"กรัม\" },\r\n  { \"name\": \"กุ้งแห้ง\", \"amount\": 5, \"unit\": \"กรัม\" }\r\n]\r\n', '[\r\n  { \"name\": \"น้ำปลา\", \"amount\": 1, \"unit\": \"ช้อนโต๊ะ\" },\r\n  { \"name\": \"มะนาว\", \"amount\": 1, \"unit\": \"ผล\" },\r\n  { \"name\": \"น้ำตาลปี๊บ\", \"amount\": 0.5, \"unit\": \"ช้อนโต๊ะ\" },\r\n  { \"name\": \"พริกขี้หนู\", \"amount\": 2, \"unit\": \"เม็ด\" }\r\n]\r\n', NULL, 1, 10, '{\"note\": \"เป็นเมนูสำเร็จรูป\"}', '[\"general\"]'),
(64, 'ยำแตงกวาไข่ต้ม', 'salad4.jpg', '[\r\n  { \"name\": \"แตงกวา\", \"amount\": 80, \"unit\": \"กรัม\" },\r\n  { \"name\": \"ไข่ไก่\", \"amount\": 1, \"unit\": \"ฟอง\" },\r\n  { \"name\": \"หอมแดง\", \"amount\": 1, \"unit\": \"หัว\" },\r\n  { \"name\": \"มะเขือเทศ\", \"amount\": 20, \"unit\": \"กรัม\" }\r\n]\r\n', '[\r\n  { \"name\": \"น้ำปลา\", \"amount\": 0.4, \"unit\": \"ช้อนโต๊ะ\" },\r\n  { \"name\": \"มะนาว\", \"amount\": 1, \"unit\": \"ผล\" },\r\n  { \"name\": \"น้ำตาลทรายขาว\", \"amount\": 0.4, \"unit\": \"ช้อนโต๊ะ\" },\r\n  { \"name\": \"พริกขี้หนู\", \"amount\": 2, \"unit\": \"เม็ด\" }\r\n]\r\n', NULL, 1, 10, '{\"note\": \"เป็นเมนูสำเร็จรูป\"}', '[\"general\"]'),
(65, 'ชาไทยเย็น', 'drink1.jpg', '[\r\n  { \"name\": \"ชาดำ\", \"amount\": 100, \"unit\": \"มิลลิลิตร\" }\r\n]\r\n', '[\r\n  { \"name\": \"นมข้นหวาน\", \"amount\": 30, \"unit\": \"มิลลิลิตร\" },\r\n  { \"name\": \"นมข้นจืด\", \"amount\": 15, \"unit\": \"มิลลิลิตร\" }\r\n]\r\n', NULL, 1, 11, '{\"note\": \"เป็นเมนูสำเร็จรูป\"}', '[\"general\"]'),
(66, 'น้ำตะไคร้', 'drink2.jpg', '[\r\n  { \"name\": \"ตะไคร้\", \"amount\": 1, \"unit\": \"ต้น\" }\r\n]\r\n', '[\r\n  { \"name\": \"น้ำตาลทรายขาว\", \"amount\": 1.5, \"unit\": \"ช้อนโต๊ะ\" }\r\n]\r\n', NULL, 1, 11, '{\"note\": \"เป็นเมนูสำเร็จรูป\"}', '[\"general\"]'),
(67, 'กาแฟเย็น', 'drink3.jpg', '[\r\n  { \"name\": \"ผงกาแฟ\", \"amount\": 1, \"unit\": \"ช้อนชา\" }\r\n]\r\n', '[\r\n  { \"name\": \"นมข้นหวาน\", \"amount\": 30, \"unit\": \"มิลลิลิตร\" },\r\n  { \"name\": \"นมข้นจืด\", \"amount\": 20, \"unit\": \"มิลลิลิตร\" }\r\n]\r\n', NULL, 1, 11, '{\"note\": \"เป็นเมนูสำเร็จรูป\"}', '[\"general\"]'),
(68, 'โกโก้เย็น', 'drink4.jpg', '[\r\n  { \"name\": \"ผงโกโก้\", \"amount\": 3, \"unit\": \"ช้อนชา\" }\r\n]\r\n', '[\r\n  { \"name\": \"นมข้นหวาน\", \"amount\": 30, \"unit\": \"มิลลิลิตร\" },\r\n  { \"name\": \"นมข้นจืด\", \"amount\": 20, \"unit\": \"มิลลิลิตร\" },\r\n  { \"name\": \"นมสด\", \"amount\": 50, \"unit\": \"มิลลิลิตร\" }\r\n]\r\n', NULL, 1, 11, '{\"note\": \"เป็นเมนูสำเร็จรูป\"}', '[\"general\"]'),
(69, 'เบอร์เกอร์ไก่กรอบ', 'fry6.jpg', '[\r\n  { \"name\": \"สะโพกไก่\", \"amount\": 120, \"unit\": \"กรัม\" },\r\n  { \"name\": \"เบคอน\", \"amount\": 44, \"unit\": \"กรัม\" },\r\n  { \"name\": \"เชดดาชีส\", \"amount\": 20, \"unit\": \"กรัม\" },\r\n  { \"name\": \"ผักกาดหอม\", \"amount\": 10, \"unit\": \"กรัม\" },\r\n  { \"name\": \"มะเขือเทศ(ลูกใหญ่)\", \"amount\": 30, \"unit\": \"กรัม\" }\r\n]\r\n', '[\r\n  { \"name\": \"เกลือป่น\", \"amount\": 1, \"unit\": \"ช้อนชา\" },\r\n  { \"name\": \"พริกไทย\", \"amount\": 1.5, \"unit\": \"กรัม\" },\r\n  { \"name\": \"ผงปาปริก้า\", \"amount\": 0.5, \"unit\": \"ช้อนโต๊ะ\" },\r\n  { \"name\": \"แป้งทอดกรอบ\", \"amount\": 60, \"unit\": \"กรัม\" },\r\n  { \"name\": \"มายองเนส\", \"amount\": 1, \"unit\": \"ช้อนโต๊ะ\" }\r\n]\r\n', '[\r\n  \"หมักสะโพกไก่กับเกลือ พริกไทย และผงปาปริก้า พักไว้ 15–20 นาทีให้เข้าเนื้อ\",\r\n  \"นำไก่ที่หมักแล้วคลุกแป้งทอดกรอบ 1 รอบ ชุบน้ำ แล้วคลุกแป้งอีกครั้ง ขยี้ให้แป้งเป็นเกล็ด\",\r\n  \"ตั้งกระทะไฟกลางค่อนแรง ใส่น้ำมัน รอจนร้อน นำไก่ลงทอดจนเหลืองกรอบ แล้วเร่งไฟแรงสั้น ๆ เพื่อให้กรอบนาน\",\r\n  \"นำเบคอนลงจี่ในกระทะจนกรอบ พักไว้\",\r\n  \"จัดวางเบอร์เกอร์: เริ่มด้วยไก่ทอด ตามด้วยผักกาดหอม มะเขือเทศ มายองเนส เบคอน ชีส และปิดท้ายด้วยไก่ทอดอีกชั้น\"\r\n]\r\n', 2, 2, '{\r\n  \"url\": \"https://www.wongnai.com/recipes/double-crispy-chicken-burger\",\r\n  \"facebook\": \"\",\r\n  \"youtube\": \"\",\r\n  \"note\": \"จากผู้ใช้ที่ชื่อ ซีซ่าร์ไม่ชอบกินกล้วย จะเอาลาบแซ่บๆ\"\r\n}', '[\"system\"]'),
(70, 'ไข่เจียวกรอบกุ้ง', 'fry7.jpg', '[\r\n  { \"name\": \"ไข่ไก่\", \"amount\": 3, \"unit\": \"ฟอง\" },\r\n  { \"name\": \"กุ้ง\", \"amount\": 50, \"unit\": \"กรัม\" },\r\n  { \"name\": \"ต้นหอม\", \"amount\": 5, \"unit\": \"กรัม\" }\r\n]\r\n', '[\r\n  { \"name\": \"ซอสหอยนางรม\", \"amount\": 0.5, \"unit\": \"ช้อนโต๊ะ\" },\r\n  { \"name\": \"น้ำปลา\", \"amount\": 0.5, \"unit\": \"ช้อนโต๊ะ\" },\r\n  { \"name\": \"ผงปรุงรส\", \"amount\": 1, \"unit\": \"ช้อนชา\" },\r\n  { \"name\": \"น้ำมันถั่วเหลือง\", \"amount\": 2, \"unit\": \"ช้อนโต๊ะ\" }\r\n]\r\n', '[\r\n  \"ตอกไข่ใส่ถ้วย ใส่น้ำปลา ซอสหอยนางรม ผงปรุงรส กุ้งสับ และต้นหอมซอย ตีให้เข้ากัน\",\r\n  \"กรองไข่ให้เหลือแต่ไข่เหลว แยกเครื่องพักไว้\",\r\n  \"ตั้งกระทะไฟกลาง เทน้ำมันพืชลงไป รอจนน้ำมันร้อนจัด\",\r\n  \"เทไข่ผ่านกระชอนลงในกระทะ ตามด้วยเครื่องกุ้ง\",\r\n  \"ทอดจนไข่ฟูกรอบ สีเหลืองทอง ตักขึ้นให้สะเด็ดน้ำมัน\",\r\n  \"จัดใส่จาน เสิร์ฟร้อน ๆ\"\r\n]\r\n', 2, 2, '{\r\n  \"url\": \"https://www.wongnai.com/recipes/crispy-omelette-with-shrimp\",\r\n  \"facebook\": \"\",\r\n  \"youtube\": \"\",\r\n  \"note\": \"จากผู้ใช้ที่ชื่อ gam.sali\"\r\n}', '[\"system\"]'),
(71, 'หมูทอด', 'fry8.jpg', '[\r\n  { \"name\": \"สะโพกหมู\", \"amount\": 1000, \"unit\": \"กรัม\" },\r\n  { \"name\": \"แป้งทอดกรอบ\", \"amount\": 150, \"unit\": \"กรัม\" }\r\n]\r\n', '[\r\n  { \"name\": \"รสดีรสหมู\", \"amount\": 2.5, \"unit\": \"ช้อนชา\" },\r\n  { \"name\": \"ซีอิ๊วขาว\", \"amount\": 1, \"unit\": \"ช้อนโต๊ะ\" },\r\n  { \"name\": \"ซอสหอยนางรม\", \"amount\": 1, \"unit\": \"ช้อนโต๊ะ\" },\r\n  { \"name\": \"แป้งมันสำปะหลัง\", \"amount\": 20, \"unit\": \"กรัม\" },\r\n  { \"name\": \"นมข้นจืด\", \"amount\": 100, \"unit\": \"มิลลิลิตร\" }\r\n]\r\n', '[\r\n  \"ผสมรสดี ซีอิ๊วขาว ซอสหอยนางรม แป้งมัน และนมข้นจืดลงในชามผสม\",\r\n  \"ใส่เนื้อหมูลงไป นวดให้เข้ากับเครื่องหมัก ใช้ส้อมจิ้มหมูให้ทั่วแล้วหมักไว้อย่างน้อย 30 นาที\",\r\n  \"ตั้งกระทะใส่น้ำมันให้ร้อน ปรับเป็นไฟกลาง\",\r\n  \"นำหมูที่หมักไว้มาคลุกแป้งทอดกรอบขณะที่ยังชุ่มน้ำหมัก ขยี้แป้งให้เคลือบทั่วชิ้นหมู\",\r\n  \"นำลงทอดในน้ำมันร้อน 30 วินาที จากนั้นลดเป็นไฟกลางอ่อน ทอดจนสุกเหลือง\",\r\n  \"ตักขึ้น พักให้สะเด็ดน้ำมัน แล้วสับเป็นชิ้นพอดีคำ พร้อมจัดเสิร์ฟ\"\r\n]\r\n', 7, 2, '{\r\n  \"url\": \"https://www.wongnai.com/recipes/thai-crispy-fried-pork\",\r\n  \"facebook\": \"\",\r\n  \"youtube\": \"\",\r\n  \"note\": \"จากผู้ใช้ที่ชื่อ ซีซ่าร์ไม่ชอบกินกล้วย จะเอาลาบแซ่บๆ\"\r\n}', '[\"system\"]'),
(72, 'ไก่ทอดกระเทียม', 'fry9.jpg', '[\r\n  { \"name\": \"เนื้อไก่\", \"amount\": 300, \"unit\": \"กรัม\" },\r\n  { \"name\": \"กระเทียม\", \"amount\": 25, \"unit\": \"กลีบ\" }\r\n]\r\n', '[\r\n  { \"name\": \"รากผักชี\", \"amount\": 5, \"unit\": \"ราก\" },\r\n  { \"name\": \"พริกไทย\", \"amount\": 2.3, \"unit\": \"กรัม\" },\r\n  { \"name\": \"ซอสหอยนางรม\", \"amount\": 1, \"unit\": \"ช้อนโต๊ะ\" },\r\n  { \"name\": \"ซีอิ๊วขาว\", \"amount\": 0.5, \"unit\": \"ช้อนโต๊ะ\" },\r\n  { \"name\": \"ซอสปรุงรสฝาเขียว\", \"amount\": 0.5, \"unit\": \"ช้อนโต๊ะ\" },\r\n  { \"name\": \"น้ำตาลทรายขาว\", \"amount\": 0.4, \"unit\": \"ช้อนโต๊ะ\" }\r\n]\r\n', '[\r\n  \"ตั้งกระทะไฟปานกลาง ใส่กระเทียมลงเจียวจนเหลืองหอม ตักขึ้นพักไว้\",\r\n  \"โขลกรากผักชี กระเทียม (สำหรับสามเกลอ) และพริกไทยเม็ด เข้าด้วยกันจนละเอียด\",\r\n  \"ตักน้ำมันเจียว 1 ช้อนโต๊ะลงกระทะ ใส่ส่วนผสมสามเกลอลงผัดจนหอม\",\r\n  \"ใส่เนื้อไก่หั่นลงไป ผัดจนเริ่มสุก ปรุงรสด้วยซอสหอยนางรม ซีอิ๊วขาว ซอสปรุงรส และน้ำตาลทราย\",\r\n  \"ผัดจนไก่สุกทั่วดี ตักใส่จาน โรยหน้าด้วยกระเทียมเจียวและผักชี พร้อมเสิร์ฟ\"\r\n]\r\n', 3, 2, '{\r\n  \"url\": \"https://www.wongnai.com/recipes/fired-chicken-with-garlic\",\r\n  \"facebook\": \"\",\r\n  \"youtube\": \"\",\r\n  \"note\": \"จากผู้ใช้ที่ชื่อ ซีซ่าร์ไม่ชอบกินกล้วย จะเอาลาบแซ่บๆ\"\r\n}', '[\"system\"]'),
(73, 'แกงเขียวหวาน', 'curry5.jpg', '[\r\n  { \"name\": \"กะทิ\", \"amount\": 800, \"unit\": \"มิลลิลิตร\" },\r\n  { \"name\": \"สะโพกไก่\", \"amount\": 300, \"unit\": \"กรัม\" },\r\n  { \"name\": \"มะเขือเปราะ\", \"amount\": 100, \"unit\": \"กรัม\" },\r\n  { \"name\": \"มะเขือพวง\", \"amount\": 50, \"unit\": \"กรัม\" },\r\n  { \"name\": \"พริกชี้ฟ้า(แดง)\", \"amount\": 2, \"unit\": \"เม็ด\" },\r\n  { \"name\": \"ใบโหระพา\", \"amount\": 60, \"unit\": \"ใบ\" },\r\n  { \"name\": \"ใบมะกรูด\", \"amount\": 3, \"unit\": \"ใบ\" },\r\n  { \"name\": \"พริกแกงเขียวหวาน\", \"amount\": 70, \"unit\": \"กรัม\" }\r\n]\r\n', '[\r\n  { \"name\": \"น้ำปลา\", \"amount\": 1, \"unit\": \"ช้อนโต๊ะ\" },\r\n  { \"name\": \"น้ำตาลปี๊บ\", \"amount\": 1, \"unit\": \"ช้อนโต๊ะ\" }\r\n]\r\n', '[\r\n  \"ตั้งกระทะ ใส่กะทิ 200 มิลลิลิตรและพริกแกงเขียวหวาน ผัดให้หอมและกะทิแตกมัน\",\r\n  \"หั่นเนื้อสะโพกไก่เป็นชิ้นพอดีคำ ใส่ลงผัดกับเครื่องแกงจนไก่เริ่มสุก\",\r\n  \"ปรุงรสด้วยน้ำปลาและน้ำตาลปี๊บ ชิมรสตามชอบ\",\r\n  \"เติมกะทิที่เหลือลงไป ต้มจนเดือด\",\r\n  \"ใส่ใบมะกรูด มะเขือเปราะ และมะเขือพวงลงต้มจนสุก\",\r\n  \"ใส่พริกชี้ฟ้าแดง เขียว และใบโหระพา คนให้เข้ากัน ปิดไฟ พร้อมเสิร์ฟ\"\r\n]\r\n', 6, 1, '{\r\n  \"url\": \"https://www.wongnai.com/recipes/green-curry\",\r\n  \"facebook\": \"\",\r\n  \"youtube\": \"\",\r\n  \"note\": \"จากผู้ใช้ที่ชื่อ กิน&GO\"\r\n}', '[\"system\"]'),
(74, 'พะแนงหมู', 'curry6.jpg', '[\r\n  { \"name\": \"กะทิ\", \"amount\": 600, \"unit\": \"มิลลิลิตร\" },\r\n  { \"name\": \"เนื้อหมูสันคอ\", \"amount\": 300, \"unit\": \"กรัม\" },\r\n  { \"name\": \"มะเขือพวง\", \"amount\": 50, \"unit\": \"กรัม\" },\r\n  { \"name\": \"ใบโหระพา\", \"amount\": 120, \"unit\": \"ใบ\" },\r\n  { \"name\": \"ใบมะกรูด\", \"amount\": 4, \"unit\": \"ใบ\" },\r\n  { \"name\": \"พริกแกงพะแนง\", \"amount\": 30, \"unit\": \"กรัม\" }\r\n]\r\n', '[\r\n  { \"name\": \"น้ำปลา\", \"amount\": 1.5, \"unit\": \"ช้อนโต๊ะ\" },  \r\n  { \"name\": \"น้ำตาลปี๊บ\", \"amount\": 1, \"unit\": \"ช้อนโต๊ะ\" },\r\n  { \"name\": \"น้ำมันถั่วเหลือง\", \"amount\": 1, \"unit\": \"ช้อนโต๊ะ\" }\r\n]\r\n', '[\r\n  \"หั่นสันคอหมูเป็นชิ้นขนาดพอดีคำ พักไว้\",\r\n  \"ตั้งกระทะ ใส่น้ำมันพืชลงไป ใส่พริกแกงพะแนงลงผัดจนหอมและเริ่มสุก\",\r\n  \"เติมกะทิส่วนหนึ่งลงไป เคี่ยวให้แตกมัน\",\r\n  \"ใส่หมูลงไป ผัดจนสุกดี ปรุงรสด้วยน้ำปลาและน้ำตาลปี๊บ\",\r\n  \"เติมกะทิที่เหลือ จากนั้นใส่มะเขือพวง ใบโหระพา และใบมะกรูดลงไป\",\r\n  \"ตักใส่ถ้วย โรยด้วยพริกชี้ฟ้าและใบมะกรูดซอย พร้อมเสิร์ฟ\"\r\n]\r\n', 4, 1, '{\r\n  \"url\": \"https://www.wongnai.com/recipes/panang-curry-with-pork\",\r\n  \"facebook\": \"\",\r\n  \"youtube\": \"\",\r\n  \"note\": \"จากผู้ใช้ที่ชื่อ กิน&GO\"\r\n}', '[\"system\"]'),
(75, 'แกงมัสมั่นไก่', 'curry7.jpg', '[\r\n  { \"name\": \"น่องไก่\", \"amount\": 1000, \"unit\": \"กรัม\" },\r\n  { \"name\": \"มันฝรั่ง\", \"amount\": 500, \"unit\": \"กรัม\" },\r\n  { \"name\": \"หอมหัวใหญ่\", \"amount\": 300, \"unit\": \"กรัม\" },\r\n  { \"name\": \"หัวกะทิ\", \"amount\": 480, \"unit\": \"มิลลิลิตร\" },\r\n  { \"name\": \"หางกะทิ\", \"amount\": 720, \"unit\": \"มิลลิลิตร\" },\r\n  { \"name\": \"พริกแกงมัสมั่น\", \"amount\": 200, \"unit\": \"กรัม\" },\r\n  { \"name\": \"เมล็ดมะม่วงหิมพานต์(คั่ว)\", \"amount\": 200, \"unit\": \"กรัม\" }\r\n]\r\n', '[\r\n  { \"name\": \"น้ำตาลมะพร้าว\", \"amount\": 20, \"unit\": \"กรัม\" },\r\n  { \"name\": \"เกลือป่น\", \"amount\": 1, \"unit\": \"กรัม\" },\r\n  { \"name\": \"น้ำปลา\", \"amount\": 0.5, \"unit\": \"ช้อนโต๊ะ\" },\r\n  { \"name\": \"น้ำมะขามเปียก\", \"amount\": 4, \"unit\": \"ช้อนโต๊ะ\" }\r\n]\r\n', '[\r\n  \"ตั้งหม้อให้ร้อน ใส่หัวกะทิลงไปเคี่ยวจนเดือด\",\r\n  \"ใส่พริกแกงมัสมั่นลงไป เคี่ยวต่อจนกะทิแตกมัน\",\r\n  \"ใส่หอมใหญ่หั่นลงไปผัด ตามด้วยน่องไก่ คลุกให้เข้ากับเครื่องแกง\",\r\n  \"ใส่เม็ดมะม่วงหิมพานต์และมันฝรั่งลงไปผัดให้เคลือบซอส\",\r\n  \"เติมหางกะทิลงไป เคี่ยวต่อด้วยไฟอ่อน 45–60 นาที จนไก่นุ่มและมันฝรั่งสุก\",\r\n  \"ชิมรสและปรุงด้วยน้ำตาลมะพร้าว น้ำปลา และน้ำมะขามเปียกตามชอบ พร้อมเสิร์ฟ\"\r\n]\r\n', 5, 1, '{\r\n  \"url\": \"https://www.wongnai.com/recipes/chicken-mus-sa-man-curry\",\r\n  \"facebook\": \"\",\r\n  \"youtube\": \"\",\r\n  \"note\": \"จากผู้ใช้ที่ชื่อ กิน&GO\"\r\n}', '[\"system\"]'),
(76, 'แกงเทโพ', 'curry8.jpg', '[\r\n  { \"name\": \"หมูสามชั้น\", \"amount\": 300, \"unit\": \"กรัม\" },\r\n  { \"name\": \"กะทิ\", \"amount\": 1000, \"unit\": \"มิลลิลิตร\" },\r\n  { \"name\": \"ผักบุ้งไทย(ขาว)\", \"amount\": 300, \"unit\": \"กรัม\" },\r\n  { \"name\": \"พริกแกงแดง\", \"amount\": 100, \"unit\": \"กรัม\" },\r\n  { \"name\": \"ใบมะกรูด\", \"amount\": 5, \"unit\": \"ใบ\" }\r\n]\r\n', '[\r\n  { \"name\": \"น้ำปลา\", \"amount\": 4, \"unit\": \"ช้อนโต๊ะ\" },\r\n  { \"name\": \"น้ำตาลปี๊บ\", \"amount\": 3, \"unit\": \"ช้อนโต๊ะ\" },\r\n  { \"name\": \"น้ำมะขามเปียก\", \"amount\": 5, \"unit\": \"ช้อนโต๊ะ\" }\r\n]\r\n', '[\r\n  \"ตั้งหม้อ ใส่หมูสามชั้นลงผัดด้วยไฟกลางจนหมูสุกเหลืองและมีน้ำมันออกมา\",\r\n  \"ใส่พริกแกงแดงลงผัดในน้ำมันหมูจนหอม\",\r\n  \"ทยอยเติมกะทิลงไปทีละส่วน เคี่ยวให้เดือด\",\r\n  \"ฉีกใบมะกรูดใส่ และใส่ผักบุ้งไทยลงไป กดให้จมน้ำแกง\",\r\n  \"ใส่หมูสามชั้นที่ผัดไว้กลับลงหม้อ\",\r\n  \"ปรุงรสด้วยน้ำปลา น้ำตาลปี๊บ และน้ำมะขามเปียก ชิมรสตามชอบ\",\r\n  \"เคี่ยวจนผักบุ้งนุ่ม และน้ำแกงมีความเข้มข้น พร้อมจัดเสิร์ฟ\"\r\n]\r\n', 4, 1, '{\r\n  \"url\": \"https://www.wongnai.com/recipes/pork-curry-with-morning-glory\",\r\n  \"facebook\": \"\",\r\n  \"youtube\": \"\",\r\n  \"note\": \"จากผู้ใช้ที่ชื่อ Tanthai Partikornwong\"\r\n}', '[\"system\"]'),
(77, 'แกงส้มผักรวมกุ้งสด', 'curry9.jpg', '[\r\n  { \"name\": \"กุ้ง\", \"amount\": 200, \"unit\": \"กรัม\" },\r\n  { \"name\": \"แครอท\", \"amount\": 100, \"unit\": \"กรัม\" },\r\n  { \"name\": \"ถั่วฝักยาว\", \"amount\": 100, \"unit\": \"กรัม\" },\r\n  { \"name\": \"ดอกกะหล่ำ\", \"amount\": 100, \"unit\": \"กรัม\" },\r\n  { \"name\": \"ข้าวโพดอ่อน\", \"amount\": 100, \"unit\": \"กรัม\" },\r\n  { \"name\": \"หัวไชเท้า(ดิบ)\", \"amount\": 100, \"unit\": \"กรัม\" },\r\n  { \"name\": \"พริกแกงส้ม\", \"amount\": 45, \"unit\": \"กรัม\" }\r\n]\r\n', '[\r\n  { \"name\": \"น้ำมะขามเปียก\", \"amount\": 2, \"unit\": \"ช้อนโต๊ะ\" },\r\n  { \"name\": \"น้ำตาลปี๊บ\", \"amount\": 1, \"unit\": \"ช้อนโต๊ะ\" },\r\n  { \"name\": \"น้ำปลา\", \"amount\": 1, \"unit\": \"ช้อนโต๊ะ\" }\r\n]\r\n', '[\r\n  \"หั่นผักทั้งหมดเป็นชิ้นพอดีคำ เช่น ดอกกะหล่ำเป็นดอกเล็ก แครอทและหัวไชเท้าหั่นแว่นหรือตัดแต่งเป็นรูปดอกไม้ ถั่วฝักยาวหั่นท่อน\",\r\n  \"ตั้งหม้อน้ำสะอาดให้เดือด ใส่พริกแกงส้มลงไปคนให้ละลายดี\",\r\n  \"ทยอยใส่ผักลงหม้อตามลำดับความแข็ง เช่น หัวไชเท้า แครอท ดอกกะหล่ำ ข้าวโพดอ่อน ถั่วฝักยาว\",\r\n  \"ปรุงรสด้วยน้ำตาลปี๊บ น้ำปลา และน้ำมะขามเปียก คนให้เข้ากัน ชิมรสเปรี้ยว เค็ม หวานตามชอบ\",\r\n  \"เมื่อผักสุกดี ใส่กุ้งลงไป ต้มจนกุ้งสุกเนื้อเด้ง ตักเสิร์ฟร้อน ๆ\"\r\n]\r\n', 2, 1, '{\r\n  \"url\": \"https://www.wongnai.com/recipes/thai-sour-soup-with-shrimp-and-mixed-vegetables\",\r\n  \"facebook\": \"\",\r\n  \"youtube\": \"\",\r\n  \"note\": \"จากผู้ใช้ที่ชื่อ กิน&GO\"\r\n}', '[\"system\"]');
INSERT INTO `recipes` (`id`, `name`, `image_url`, `ingredients`, `secondary_ingredients`, `instructions`, `servings`, `category_id`, `source`, `menu_type`) VALUES
(78, 'ข้าวเหนียวมะม่วง', 'dessert5.jpg', '[\r\n  { \"name\": \"ข้าวเหนียวเขี้ยวงู\", \"amount\": 1000, \"unit\": \"กรัม\" },\r\n  { \"name\": \"กะทิ\", \"amount\": 1250, \"unit\": \"มิลลิลิตร\" },\r\n  { \"name\": \"มะม่วงน้ำดอกไม้\", \"amount\": 200, \"unit\": \"กรัม\" }\r\n]\r\n', '[\r\n  { \"name\": \"น้ำตาลทรายขาว\", \"amount\": 32, \"unit\": \"ช้อนโต๊ะ\" },\r\n  { \"name\": \"เกลือป่น\", \"amount\": 7.5, \"unit\": \"กรัม\" },\r\n  { \"name\": \"แป้งข้าวเจ้า\", \"amount\": 5, \"unit\": \"กรัม\" }\r\n]\r\n', '[\r\n  \"ซาวข้าวเหนียวเขี้ยวงู และแช่ทิ้งไว้จนครบสามชั่วโมง\",\r\n  \"ตั้งหม้อใส่น้ำสำหรับนึ่ง จากนั้นนำผ้าขาวบางมาปูในซึ้ง ตักข้าวเหนียวที่ซาวไว้ใส่ลงไปโดยเว้นตรงกลางเป็นวงกลม แล้วปิดผ้าขาวบางห่อข้าวเหนียวเอาไว้ นึ่งประมาณ 20 นาที\",\r\n  \"พอครบ 20 นาที ใช้ทัพพีกลับข้าวเหนียวเพื่อให้สุกทั่วถึง แล้วนึ่งต่ออีก 10 นาที\",\r\n  \"ผสมน้ำกะทิ อัมพวา กะทิ 100% กับน้ำตาลทราย และเกลือป่น ตั้งไฟอ่อน ๆ เคี่ยวจนน้ำตาลละลายหมด\",\r\n  \"นำข้าวเหนียวที่นึ่งสุกแล้วใส่ชาม เทน้ำกะทิลงไป คนให้เข้ากัน แล้วปิดผ้าขาวบางพักไว้ 30 นาที เพื่อให้ข้าวเหนียวดูดน้ำกะทิ\",\r\n  \"ตั้งไฟอ่อน ๆ ผสมกะทิ อัมพวา กะทิ 100% กับเกลือ และแป้งข้าวเจ้า คนเรื่อย ๆ จนกะทิข้นแล้วยกลงพักไว้\",\r\n  \"ปอกมะม่วงสุกจัดใส่จาน เสิร์ฟพร้อมข้าวเหนียวมูน และราดด้วยน้ำราดกะทิ\"\r\n]\r\n', 5, 4, '{\r\n  \"url\": \"https://www.wongnai.com/recipes/mango-sticky-rice\",\r\n  \"facebook\": \"\",\r\n  \"youtube\": \"\",\r\n  \"note\": \"จากผู้ใช้ที่ชื่อ กิน&GO\"\r\n}', '[\"system\"]'),
(79, 'กล้วยบวชชี', 'dessert6.jpg', '[\r\n  { \"name\": \"หัวกะทิ\", \"amount\": 1000, \"unit\": \"มิลลิลิตร\" },\r\n  { \"name\": \"กล้วยน้ำว้า\", \"amount\": 1000, \"unit\": \"กรัม\" }\r\n]\r\n', '[\r\n  { \"name\": \"น้ำตาลปี๊บ\", \"amount\": 6, \"unit\": \"ช้อนโต๊ะ\" },\r\n  { \"name\": \"เกลือป่น\", \"amount\": 0.5, \"unit\": \"ช้อนชา\" },\r\n  { \"name\": \"ใบเตย\", \"amount\": 5, \"unit\": \"ใบ\" }\r\n]\r\n', '[\r\n  \"ปอกกล้วย หั่นชิ้นตามชอบ แล้วล้างในน้ำเปล่าผสมเกลือเพื่อไม่ให้กล้วยดำ\",\r\n  \"นำกล้วยไปต้มให้น้ำเดือด 1 รอบเพื่อล้างยางกล้วย\",\r\n  \"ใส่หัวกะทิครึ่งหนึ่งลงในหม้อ ตั้งไฟปานกลางค่อนอ่อนจนร้อน\",\r\n  \"ใส่มัดใบเตย กล้วยต้ม น้ำตาลปี๊บ และเกลือ คนให้เข้ากัน\",\r\n  \"ตั้งให้เดือดและคนเรื่อย ๆ จนน้ำตาลละลายหมด แล้วเติมกะทิส่วนที่เหลือ\",\r\n  \"ต้มต่อเล็กน้อยให้กะทิเข้าเนื้อกล้วย ระวังอย่าให้กล้วยเละ\",\r\n  \"ตักใส่ถ้วยจัดเสิร์ฟ\"\r\n]\r\n', 5, 4, '{\r\n  \"url\": \"https://www.wongnai.com/recipes/kluay-buad-chee\",\r\n  \"facebook\": \"\",\r\n  \"youtube\": \"\",\r\n  \"note\": \"จากผู้ใช้ที่ชื่อ กิน&GO\"\r\n}', '[\"system\"]'),
(80, 'ฟักทองแกงบวด', 'dessert7.jpg', '[\r\n  { \"name\": \"ฟักทอง\", \"amount\": 500, \"unit\": \"กรัม\" },\r\n  { \"name\": \"หัวกะทิ\", \"amount\": 200, \"unit\": \"มิลลิลิตร\" },\r\n  { \"name\": \"หางกะทิ\", \"amount\": 250, \"unit\": \"มิลลิลิตร\" }\r\n]\r\n', '[\r\n  { \"name\": \"น้ำตาลมะพร้าว\", \"amount\": 80, \"unit\": \"กรัม\" },\r\n  { \"name\": \"เกลือป่น\", \"amount\": 0.5, \"unit\": \"ช้อนชา\" },\r\n  { \"name\": \"ใบเตย\", \"amount\": 5, \"unit\": \"ใบ\" }\r\n]\r\n', '[\r\n  \"ผสมปูนแดงกับน้ำ ทิ้งไว้ให้ตกตะกอน แล้วนำเฉพาะน้ำใส ๆ มาใช้แช่ฟักทองเป็นเวลา 1 ชั่วโมง\",\r\n  \"เทน้ำปูนใสออก แล้วล้างฟักทองด้วยน้ำสะอาดอีก 2 ครั้ง\",\r\n  \"ใส่หางกะทิ น้ำตาลมะพร้าว เกลือ และใบเตยลงในหม้อ ตั้งไฟกลางจนส่วนผสมละลายและเดือด\",\r\n  \"ใส่ฟักทองลงไปต้มในน้ำกะทิ\",\r\n  \"เมื่อกะทิเดือดอีกครั้ง ใส่หัวกะทิลงไป ลดไฟลงเล็กน้อย และต้มจนฟักทองสุก\",\r\n  \"ปิดเตาเมื่อฟักทองสุกดี แล้วตักเสิร์ฟในถ้วย\"\r\n]\r\n', 4, 4, '{\r\n  \"url\": \"https://www.wongnai.com/recipes/pumpkin-in-sweet-coconut-milk\",\r\n  \"facebook\": \"\",\r\n  \"youtube\": \"\",\r\n  \"note\": \"จากผู้ใช้ที่ชื่อ แมวเหมียวโมจิ\"\r\n}', '[\"system\"]'),
(81, 'ขนมถ้วยน้ำตาลแดง', 'dessert8.jpg', '[\r\n  { \"name\": \"แป้งข้าวเจ้า\", \"amount\": 240, \"unit\": \"กรัม\" },\r\n  { \"name\": \"แป้งท้าวยายม่อม\", \"amount\": 2, \"unit\": \"ช้อนโต๊ะ\" },\r\n  { \"name\": \"หัวกะทิ\", \"amount\": 400, \"unit\": \"กรัม\" }\r\n]\r\n', '[\r\n  { \"name\": \"น้ำตาลมะพร้าว\", \"amount\": 400, \"unit\": \"กรัม\" },\r\n  { \"name\": \"น้ำตาลทราย\", \"amount\": 4, \"unit\": \"ช้อนโต๊ะ\" },\r\n  { \"name\": \"เกลือป่น\", \"amount\": 0.5, \"unit\": \"ช้อนชา\" }\r\n]\r\n', '[\r\n  \"ผสมแป้งข้าวเจ้า แป้งท้าวยายม่อม และน้ำให้เข้ากัน\",\r\n  \"ใส่น้ำตาลมะพร้าวลงไปคนจนละลายดี แล้วกรองด้วยกระชอนหนึ่งครั้ง\",\r\n  \"ผสมหัวกะทิ แป้งข้าวเจ้า น้ำตาลทราย และเกลือป่นให้เข้ากัน เตรียมไว้เป็นหน้ากะทิ\",\r\n  \"ตั้งซึ้งให้เดือด ใส่ถ้วยตะไลลงไปให้ร้อน\",\r\n  \"เทแป้งส่วนตัวขนมลงในถ้วยตะไลประมาณครึ่งถ้วย ปิดฝานึ่ง 15 นาที\",\r\n  \"เปิดฝา ใส่ส่วนผสมหน้ากะทิลงไปในถ้วยให้เหลือขอบเล็กน้อย แล้วปิดฝานึ่งต่ออีก 10 นาทีด้วยไฟแรง\",\r\n  \"ตักขนมถ้วยใส่จานพร้อมเสิร์ฟ\"\r\n]\r\n', 5, 4, '{\r\n  \"url\": \"https://www.wongnai.com/recipes/thai-steamed-coconut-milk-pudding\",\r\n  \"facebook\": \"\",\r\n  \"youtube\": \"\",\r\n  \"note\": \"จากผู้ใช้ที่ชื่อ ซีซ่าร์ไม่ชอบกินกล้วย จะเอาลาบแซ่บๆ\"\r\n}', '[\"system\"]'),
(82, 'ฝอยทอง', 'dessert9.jpg', '[\r\n  { \"name\": \"ไข่เป็ด(เฉพาะไข่แดง)\", \"amount\": 160, \"unit\": \"กรัม\" },\r\n  { \"name\": \"ไข่ไก่(เฉพาะไข่แดง)\", \"amount\": 136, \"unit\": \"กรัม\" }\r\n]\r\n', '[\r\n  { \"name\": \"น้ำตาลทรายขาว\", \"amount\": 42, \"unit\": \"ช้อนโต๊ะ\" }\r\n]\r\n', '[\r\n  \"ต้มน้ำตาลทรายกับน้ำจนละลายเป็นน้ำเชื่อมใส โดยไม่ต้องคน แล้วพักให้เย็น\",\r\n  \"แยกเฉพาะไข่แดงของไข่ไก่และไข่เป็ด ผสมให้เข้ากันแล้วกรอง\",\r\n  \"นำน้ำค้างไข่ (ไข่ขาวส่วนที่เหลืองค้างในเปลือก) ผสมลงไป แล้วลองยกขึ้นให้หยดเป็นสายไหลต่อเนื่อง\",\r\n  \"ตั้งกระทะ ใส่น้ำตาลทราย น้ำลอยดอกมะลิ และกลิ่นมะลิ ต้มจนน้ำเชื่อมเข้มข้นเดือด แล้วลดไฟลง\",\r\n  \"นำไข่ใส่ลงในกรวยใบตอง แล้วหยอดวนในกระทะประมาณ 30–40 รอบ\",\r\n  \"ใช้ไม้ปลายแหลมช้อนฝอยทองขึ้น แล้วล้างผ่านน้ำเชื่อมใส และจัดทรงตามต้องการ\"\r\n]\r\n', 5, 4, '{\r\n  \"url\": \"https://www.wongnai.com/recipes/foi-thong\",\r\n  \"facebook\": \"\",\r\n  \"youtube\": \"\",\r\n  \"note\": \"จากผู้ใช้ที่ชื่อ กินทั้งวัน\"\r\n}', '[\"system\"]'),
(83, 'ต้มยำกุ้งน้ำใส', 'boiled5.jpg', '[\r\n  { \"name\": \"กุ้ง\", \"amount\": 300, \"unit\": \"กรัม\" },\r\n  { \"name\": \"เห็ดฟาง\", \"amount\": 100, \"unit\": \"กรัม\" },\r\n  { \"name\": \"ตะไคร้\", \"amount\": 2, \"unit\": \"ต้น\" },\r\n  { \"name\": \"ข่า\", \"amount\": 10, \"unit\": \"กรัม\" },\r\n  { \"name\": \"ใบมะกรูด\", \"amount\": 5, \"unit\": \"ใบ\" },\r\n  { \"name\": \"หอมแดง\", \"amount\": 3, \"unit\": \"หัว\" }\r\n]\r\n', '[\r\n  { \"name\": \"พริกขี้หนู\", \"amount\": 5, \"unit\": \"เม็ด\" },\r\n  { \"name\": \"น้ำมะนาว\", \"amount\": 1.5, \"unit\": \"ผล\" },\r\n  { \"name\": \"น้ำปลา\", \"amount\": 2.5, \"unit\": \"ช้อนโต๊ะ\" },\r\n  { \"name\": \"ผักชีฝรั่ง\", \"amount\": 10, \"unit\": \"กรัม\" }\r\n]\r\n', '[\r\n  \"ตั้งหม้อต้มน้ำจนเดือด ใส่กุ้งลงไปลวกพอสุกแล้วตักขึ้นพักไว้\",\r\n  \"ใส่ตะไคร้ ข่า หอมแดง พริก เห็ด และใบมะกรูดลงในหม้อเดือด ต้มจนมีกลิ่นหอมแล้วปิดไฟ\",\r\n  \"ปรุงรสด้วยน้ำปลาและน้ำมะนาว ชิมรสตามชอบ\",\r\n  \"ใส่กุ้งลงในถ้วย เสิร์ฟด้วยน้ำซุปต้มยำ และโรยหน้าด้วยผักชีฝรั่ง\"\r\n]\r\n', 3, 5, '{\r\n  \"url\": \"https://cooking.kapook.com/view279753.html\",\r\n  \"facebook\": \"\",\r\n  \"youtube\": \"\",\r\n  \"note\": \"\"\r\n}', '[\"system\"]'),
(84, 'ต้มข่าไก่', 'boiled6.jpg', '[\r\n  { \"name\": \"สะโพกไก่\", \"amount\": 400, \"unit\": \"กรัม\" },\r\n  { \"name\": \"เห็ดฟาง\", \"amount\": 200, \"unit\": \"กรัม\" },\r\n  { \"name\": \"หัวกะทิ\", \"amount\": 300, \"unit\": \"มิลลิลิตร\" },\r\n  { \"name\": \"หางกะทิ\", \"amount\": 500, \"unit\": \"มิลลิลิตร\" },\r\n  { \"name\": \"ข่าอ่อน\", \"amount\": 12, \"unit\": \"กรัม\" },\r\n  { \"name\": \"ตะไคร้\", \"amount\": 3, \"unit\": \"ต้น\" },\r\n  { \"name\": \"ใบมะกรูด\", \"amount\": 6, \"unit\": \"ใบ\" }\r\n]\r\n', '[\r\n  { \"name\": \"น้ำปลา\", \"amount\": 1, \"unit\": \"ช้อนโต๊ะ\" },\r\n  { \"name\": \"พริกจินดา(แดง)\", \"amount\": 10, \"unit\": \"เม็ด\" },\r\n  { \"name\": \"มะนาว\", \"amount\": 1, \"unit\": \"ผล\" },\r\n  { \"name\": \"เกลือป่น\", \"amount\": 0.5, \"unit\": \"ช้อนชา\" }\r\n]\r\n', '[\r\n  \"หั่นสะโพกไก่เป็นชิ้นขนาดพอดีคำ\",\r\n  \"ตั้งหม้อบนไฟแรง ใส่หัวกะทิลงไปต้มจนเดือด\",\r\n  \"ใส่ตะไคร้ ข่าอ่อน ใบมะกรูด และเกลือ ลงในหม้อ\",\r\n  \"รอให้เดือดแล้วใส่เนื้อไก่ลงไปต้มจนสุก\",\r\n  \"ปรุงรสด้วยน้ำปลา พริก และบีบมะนาวเล็กน้อยตามชอบ\",\r\n  \"ตักเสิร์ฟใส่ถ้วย รับประทานกับข้าวสวยร้อน ๆ\"\r\n]\r\n', 4, 5, '{\r\n  \"url\": \"https://www.wongnai.com/recipes/tom-khai-gai\",\r\n  \"facebook\": \"\",\r\n  \"youtube\": \"\",\r\n  \"note\": \"จากผู้ใช้ที่ชื่อ ปากน้ำเมี่ยน\"\r\n}', '[\"system\"]'),
(85, 'ต้มแซ่บกระดูกอ่อน', 'boiled7.jpg', '[\r\n  { \"name\": \"กระดูกหมูอ่อน\", \"amount\": 300, \"unit\": \"กรัม\" },\r\n  { \"name\": \"ข่า\", \"amount\": 2, \"unit\": \"กรัม\" },\r\n  { \"name\": \"ตะไคร้\", \"amount\": 2, \"unit\": \"ต้น\" },\r\n  { \"name\": \"ใบมะกรูด\", \"amount\": 5, \"unit\": \"ใบ\" },\r\n  { \"name\": \"ผงชูรส\", \"amount\": 3, \"unit\": \"ช้อนชา\" },\r\n  { \"name\": \"เกลือป่น\", \"amount\": 1, \"unit\": \"ช้อนชา\" }\r\n]\r\n', '[\r\n  { \"name\": \"พริกขี้หนู\", \"amount\": 10, \"unit\": \"เม็ด\" },\r\n  { \"name\": \"น้ำปลา\", \"amount\": 4, \"unit\": \"ช้อนโต๊ะ\" },\r\n  { \"name\": \"ข้าวคั่ว\", \"amount\": 2, \"unit\": \"ช้อนโต๊ะ\" },\r\n  { \"name\": \"มะนาว\", \"amount\": 3, \"unit\": \"ผล\" }\r\n]\r\n', '[\r\n  \"เติมน้ำลงหม้อแล้วตั้งไฟให้เดือด จากนั้นใส่ผงปรุงรสและเกลือป่น\",\r\n  \"เมื่อน้ำเดือดจัด ใส่กระดูกหมูอ่อนลงไปแล้วช้อนฟองขาวออกให้หมด\",\r\n  \"ลดไฟลง เคี่ยวกระดูกหมูจนนุ่ม ใส่ข่า ตะไคร้ และใบมะกรูดลงต้มต่อจนหอม\",\r\n  \"ใส่น้ำปลา พริกขี้หนู ข้าวคั่ว และพริกป่นลงไป แล้วปิดไฟ\",\r\n  \"เติมน้ำมะนาวลงไป โรยต้นหอมซอยและผักชีฝรั่งซอย\",\r\n  \"ตักใส่ถ้วย เสิร์ฟคู่กับข้าวเหนียว\"\r\n]\r\n', 4, 5, '{\r\n  \"url\": \"https://www.wongnai.com/recipes/hot-and-spicy-soup-with-pork-ribs\",\r\n  \"facebook\": \"\",\r\n  \"youtube\": \"\",\r\n  \"note\": \"จากผู้ใช้ จิ๋วหิวโซ\"\r\n}', '[\"system\"]'),
(86, 'ต้นจืดเต้าหู้หมูสับ', 'boiled8.jpg', '[\r\n  { \"name\": \"เนื้อหมู\", \"amount\": 200, \"unit\": \"กรัม\" },\r\n  { \"name\": \"แครอท\", \"amount\": 20, \"unit\": \"กรัม\" },\r\n  { \"name\": \"ผักกาดขาว\", \"amount\": 100, \"unit\": \"กรัม\" },\r\n  { \"name\": \"เต้าหู้ไข่\", \"amount\": 240, \"unit\": \"กรัม\" }\r\n]\r\n', '[\r\n  { \"name\": \"กระเทียม\", \"amount\": 2, \"unit\": \"กลีบ\" },\r\n  { \"name\": \"พริกไทย\", \"amount\": 1, \"unit\": \"กรัม\" },\r\n  { \"name\": \"รากผักชี\", \"amount\": 2, \"unit\": \"ราก\" },\r\n  { \"name\": \"ซอสปรุงรสฝาเขียว\", \"amount\": 1, \"unit\": \"ช้อนโต๊ะ\" },\r\n  { \"name\": \"ซอสหอยนางรม\", \"amount\": 1, \"unit\": \"ช้อนโต๊ะ\" },\r\n  { \"name\": \"ต้นหอม\", \"amount\": 6, \"unit\": \"กรัม\" },\r\n  { \"name\": \"ขึ้นฉ่าย\", \"amount\": 7, \"unit\": \"กรัม\" }\r\n]\r\n', '[\r\n  \"นำหมูสับผสมกับพริกไทย กระเทียม และรากผักชีที่โขลกไว้ นวดให้เข้ากัน แล้วปั้นเป็นก้อนพอคำ พักไว้\",\r\n  \"เติมน้ำเปล่าลงหม้อต้มจนเดือด ใส่หมูสับปั้นก้อนลงไป ต้มจนสุก แล้วใส่แครอทลงไป ต้มต่อจนแครอทเริ่มสุก\",\r\n  \"ปรุงรสด้วยซอสปรุงอาหารแม็กกี้ สูตรผัดกลมกล่อม และซอสหอยนางรมแม็กกี้ คนพอเข้ากัน\",\r\n  \"ใส่เต้าหู้ไข่ลงไป พอเดือดแล้วใส่ขึ้นฉ่าย ต้นหอม และกระเทียมเจียว จากนั้นปิดไฟและจัดเสิร์ฟ\"\r\n]\r\n', 3, 5, '{\r\n  \"url\": \"https://www.maggi.co.th/recipes/clear-soup-vegetables-meatballs\",\r\n  \"facebook\": \"\",\r\n  \"youtube\": \"\",\r\n  \"note\": \"\"\r\n}', '[\"system\"]'),
(87, 'ไก่ต้มขมิ้น', 'boiled9.jpg', '[\r\n  { \"name\": \"สะโพกไก่\", \"amount\": 1000, \"unit\": \"กรัม\" },\r\n  { \"name\": \"ขมิ้นชัน\", \"amount\": 20, \"unit\": \"กรัม\" },\r\n  { \"name\": \"หอมแดง\", \"amount\": 10, \"unit\": \"หัว\" },\r\n  { \"name\": \"ตะไคร้\", \"amount\": 2, \"unit\": \"ต้น\" },\r\n  { \"name\": \"ใบมะกรูด\", \"amount\": 2, \"unit\": \"ใบ\" },\r\n  { \"name\": \"ข่า\", \"amount\": 10, \"unit\": \"กรัม\" }\r\n]\r\n', '[\r\n  { \"name\": \"เกลือป่น\", \"amount\": 3, \"unit\": \"ช้อนชา\" },\r\n  { \"name\": \"น้ำปลา\", \"amount\": 1, \"unit\": \"ช้อนโต๊ะ\" },\r\n  { \"name\": \"รากผักชี\", \"amount\": 2, \"unit\": \"ราก\" },\r\n  { \"name\": \"กระเทียม\", \"amount\": 5, \"unit\": \"กลีบ\" }\r\n]\r\n', '[\r\n  \"ตั้งน้ำให้เดือดจัด แล้วใส่สมุนไพรที่บุบไว้ลงไป เช่น ข่า ตะไคร้ ใบมะกรูด หอมแดง กระเทียม และขมิ้นชัน\",\r\n  \"ต้มจนมีกลิ่นหอมของสมุนไพร\",\r\n  \"ใส่เนื้อไก่ลงไป แล้วลดไฟลงให้น้ำซุปใส\",\r\n  \"ปรุงรสด้วยเกลือและน้ำปลา\",\r\n  \"คอยช้อนฟองออกเพื่อให้น้ำใส และเคี่ยวต่อจนเนื้อไก่เปื่อยนุ่ม\",\r\n  \"ตักเสิร์ฟร้อน ๆ พร้อมน้ำซุปหอมสมุนไพร\"\r\n]\r\n', 4, 5, '{\r\n  \"url\": \"https://www.wongnai.com/recipes/chicken-stew-with-turmeric\",\r\n  \"facebook\": \"\",\r\n  \"youtube\": \"\",\r\n  \"note\": \"จากผู้ใช้ กินทั้งวัน\"\r\n}', '[\"system\"]'),
(88, 'ไก่ย่างตะไคร้', 'grill5.jpg', '[\r\n  { \"name\": \"เนื้อไก่\", \"amount\": 1200, \"unit\": \"กรัม\" },\r\n  { \"name\": \"ตะไคร้\", \"amount\": 2, \"unit\": \"ต้น\" },\r\n  { \"name\": \"รากผักชี\", \"amount\": 1, \"unit\": \"ราก\" },\r\n  { \"name\": \"กระเทียม\", \"amount\": 4, \"unit\": \"กลีบ\" },\r\n  { \"name\": \"พริกไทยดำ\", \"amount\": 2, \"unit\": \"กรัม\" }\r\n]\r\n', '[\r\n  { \"name\": \"เกลือป่น\", \"amount\": 0.25, \"unit\": \"ช้อนชา\" },\r\n  { \"name\": \"น้ำตาลทรายขาว\", \"amount\": 0.4, \"unit\": \"ช้อนโต๊ะ\" },\r\n  { \"name\": \"ซอสปรุงรสฝาเขียว\", \"amount\": 0.4, \"unit\": \"ช้อนโต๊ะ\" },\r\n  { \"name\": \"ซอสหอยนางรม\", \"amount\": 1, \"unit\": \"ช้อนโต๊ะ\" }\r\n]\r\n', '[\r\n  \"โขลกตะไคร้ รากผักชี กระเทียม และพริกไทยดำให้ละเอียด\",\r\n  \"ผสมเกลือป่น ซอสปรุงรสฝาเขียว ซอสหอยนางรม และน้ำตาลทรายขาวเข้ากับเครื่องที่โขลกไว้\",\r\n  \"นำส่วนผสมที่ได้มาทาให้ทั่วตัวไก่ แล้วหมักทิ้งไว้ประมาณ 30 นาที\",\r\n  \"นำไก่ที่หมักแล้วไปย่างบนเตาด้วยไฟปานกลางจนสุกทั่วทั้งตัว\"\r\n]\r\n', 3, 6, '{\r\n  \"url\": \"https://www.wongnai.com/recipes/grilled-lemongrass-chicken-with-caramel-spicy-sauce\",\r\n  \"facebook\": \"\",\r\n  \"youtube\": \"\",\r\n  \"note\": \"จากผู้ใช้ หลุมดำผู้ดูดกลืน\"\r\n}', '[\"system\"]'),
(89, 'คอหมูย่าง', 'grill6.jpg', '[\r\n  { \"name\": \"เนื้อหมูสันคอ\", \"amount\": 500, \"unit\": \"กรัม\" }\r\n]\r\n', '[\r\n  { \"name\": \"ซอสหอยนางรม\", \"amount\": 2, \"unit\": \"ช้อนโต๊ะ\" },\r\n  { \"name\": \"เกลือป่น\", \"amount\": 2, \"unit\": \"ช้อนชา\" },\r\n  { \"name\": \"น้ำผึ้ง\", \"amount\": 2, \"unit\": \"ช้อนโต๊ะ\" },\r\n  { \"name\": \"นมข้นจืด\", \"amount\": 60, \"unit\": \"มิลลิลิตร\" },\r\n  { \"name\": \"รากผักชี\", \"amount\": 2, \"unit\": \"ราก\" },\r\n  { \"name\": \"กระเทียม\", \"amount\": 5, \"unit\": \"กลีบ\" },\r\n  { \"name\": \"พริกไทย\", \"amount\": 2, \"unit\": \"กรัม\" },\r\n  { \"name\": \"ซีอิ๊วขาว\", \"amount\": 3, \"unit\": \"ช้อนโต๊ะ\" }\r\n]\r\n', '[\r\n  \"ใช้ส้อมจิ้มเนื้อคอหมูให้ทั่วเพื่อให้นุ่มและซึมซับเครื่องหมักได้ดี\",\r\n  \"โขลกพริกไทยเม็ด กระเทียม และรากผักชีให้ละเอียด\",\r\n  \"ผสมพริกไทย กระเทียม รากผักชี เกลือ น้ำผึ้ง ซีอิ๊วขาว น้ำมันหอย และนมข้นจืดลงในชามผสม\",\r\n  \"นำเนื้อคอหมูลงคลุกเคล้าให้เข้ากับเครื่องหมัก หมักไว้อย่างน้อย 30 นาที\",\r\n  \"ตั้งกระทะด้วยไฟกลางค่อนไปทางอ่อน นำหมูที่หมักแล้วมาย่างจนสุกทั่วทั้งชิ้น\",\r\n  \"นำหมูย่างที่สุกแล้วมาหั่นเป็นชิ้นบางพอดีคำ\",\r\n  \"จัดใส่จานเสิร์ฟ พร้อมตกแต่งด้วยผักกาดหอม แตงกวา และมะเขือเทศ เสิร์ฟคู่กับน้ำจิ้มแจ่ว\"\r\n]\r\n', 3, 6, '{\r\n  \"url\": \"https://www.wongnai.com/mali/recipes/charcoal-boiled-pork-neck\",\r\n  \"facebook\": \"\",\r\n  \"youtube\": \"\",\r\n  \"note\": \"จากผู้ใช้ จิ๋วหิวโซ\"\r\n}', '[\"system\"]'),
(90, 'น้ำตกหมู', 'grill7.jpg', '[\r\n  { \"name\": \"เนื้อสันคอหมู\", \"amount\": 400, \"unit\": \"กรัม\" },\r\n  { \"name\": \"ต้นหอม\", \"amount\": 5, \"unit\": \"กรัม\" },\r\n  { \"name\": \"ผักชีฝรั่ง\", \"amount\": 5, \"unit\": \"กรัม\" },\r\n  { \"name\": \"หอมแดง\", \"amount\": 3, \"unit\": \"หัว\" },\r\n  { \"name\": \"ใบสะระแหน่\", \"amount\": 10, \"unit\": \"ใบ\" }\r\n]\r\n', '[\r\n  { \"name\": \"น้ำตาลปี๊บ\", \"amount\": 0.4, \"unit\": \"ช้อนโต๊ะ\" },\r\n  { \"name\": \"พริกป่น\", \"amount\": 3, \"unit\": \"ช้อนชา\" },\r\n  { \"name\": \"ซอสหอยนางรม\", \"amount\": 1, \"unit\": \"ช้อนโต๊ะ\" },\r\n  { \"name\": \"ข้าวคั่ว\", \"amount\": 2, \"unit\": \"ช้อนโต๊ะ\" },\r\n  { \"name\": \"มะนาว\", \"amount\": 2, \"unit\": \"ผล\" },\r\n  { \"name\": \"น้ำปลา\", \"amount\": 1.5, \"unit\": \"ช้อนโต๊ะ\" }\r\n]\r\n', '[\r\n  \"STEP 1: หมักหมู – หั่นสันคอหมูเป็นชิ้น แล้วหมักกับซอสหอยนางรม คลุกเคล้าให้เข้ากัน หมักทิ้งไว้ประมาณ 15 นาที\",\r\n  \"STEP 2: ย่างหมู – ย่างหมูหมักบนกระทะด้วยไฟแรงจนสุกทั้งสองด้าน ด้านในยังไม่ต้องสุกมาก แล้วนำมาหั่นเป็นชิ้นพอดีคำ\",\r\n  \"STEP 3: ปรุงรส – ใส่หมูย่างลงในหม้อตั้งไฟ เติมน้ำเปล่าต้มสุก รอให้เดือด ปรุงรสด้วยน้ำตาลปี๊บและน้ำปลา คลุกให้เข้ากัน\",\r\n  \"ใส่หอมแดงซอย ผักชีฝรั่งซอย ต้นหอมซอย และพริกป่นลงไป แล้วปรุงรสด้วยน้ำมะนาว\",\r\n  \"เติมข้าวคั่ว คลุกให้เข้ากันดี แล้วใส่ใบสะระแหน่ลงไปคนให้ทั่ว ปิดไฟ พร้อมเสิร์ฟ\"\r\n]\r\n', 2, 6, '{\r\n  \"url\": \"https://www.wongnai.com/recipes/slide-grilled-pork-salad\",\r\n  \"facebook\": \"\",\r\n  \"youtube\": \"\",\r\n  \"note\": \"จากผู้ใช้ Healthy_onair\"\r\n}', '[\"system\"]'),
(91, 'ปลาหมึกย่าง', 'grill8.jpg', '[\r\n  { \"name\": \"หมึกกระดอง\", \"amount\": 1200, \"unit\": \"กรัม\" }\r\n]\r\n', '[\r\n  { \"name\": \"ซีอิ๊วดำหวาน\", \"amount\": 1, \"unit\": \"ช้อนโต๊ะ\" },\r\n  { \"name\": \"ผงขมิ้น\", \"amount\": 0.5, \"unit\": \"ช้อนชา\" }\r\n]\r\n', '[\r\n  \"ล้างปลาหมึกด้วยน้ำเกลือ (เกลือ 2 กำมือต่อน้ำ 1 กิโลกรัม) และล้างออกด้วยน้ำสะอาดจนฟองน้อยลง\",\r\n  \"แช่ปลาหมึกในน้ำปูนใสประมาณ 15 นาทีเพื่อให้เนื้อกรอบ แล้วล้างออกอีกครั้ง\",\r\n  \"หมักปลาหมึกด้วยน้ำผสมผงขมิ้นและซีอิ๊วดำ ทิ้งไว้ 15 นาที\",\r\n  \"โขลกรากผักชี กระเทียม และพริกแดงจินดาให้ละเอียด\",\r\n  \"ปรุงน้ำจิ้มซีฟู้ดด้วยเกลือ น้ำตาลปี๊บ น้ำปลา น้ำมะนาว และน้ำต้มสุก ผสมให้เข้ากัน\",\r\n  \"ย่างปลาหมึกด้วยไฟอ่อนจนสุก (ใช้เตาถ่านจะได้รสชาติดีกว่า)\",\r\n  \"หั่นปลาหมึกย่างเป็นชิ้นพอดีคำ จัดเสิร์ฟพร้อมน้ำจิ้มซีฟู้ด\"\r\n]\r\n', 4, 6, '{\r\n  \"url\": \"https://www.wongnai.com/recipes/grilled-squid-with-spicy-sauce\",\r\n  \"facebook\": \"\",\r\n  \"youtube\": \"\",\r\n  \"note\": \"จากผู้ใช้ Healthy_onair\"\r\n}', '[\"system\"]'),
(92, 'แหนมย่าง', 'grill9.jpg', '[\r\n  { \"name\": \"เนื้อหมู\", \"amount\": 1000, \"unit\": \"กรัม\" },\r\n  { \"name\": \"หนังหมู\", \"amount\": 300, \"unit\": \"กรัม\" },\r\n  { \"name\": \"ข้าวเหนียว(นึ่ง)\", \"amount\": 200, \"unit\": \"กรัม\" }\r\n]\r\n', '[\r\n  { \"name\": \"เกลือป่น\", \"amount\": 6, \"unit\": \"ช้อนชา\" },\r\n  { \"name\": \"กระเทียม\", \"amount\": 45, \"unit\": \"กลีบ\" }\r\n]\r\n', '[\r\n  \"สับเนื้อหมูติดมันให้ละเอียด\",\r\n  \"โขลกเกลือเม็ดให้ละเอียด\",\r\n  \"โขลกกระเทียมไทยให้ละเอียด\",\r\n  \"ผสมหมูสับกับเกลือและกระเทียมที่โขลกไว้\",\r\n  \"ใส่หนังหมูและข้าวเหนียวลงไป คลุกเคล้าให้เข้ากัน\",\r\n  \"ตักส่วนผสมใส่ถุงแกงแล้วเกลี่ยให้แน่นเป็นทรงกระบอก มัดหัวและท้ายด้วยหนังยาง\",\r\n  \"หมักแหนมที่อุณหภูมิห้องเป็นเวลา 3 วัน\",\r\n  \"นำแหนมหมักมาเสียบไม้\",\r\n  \"ย่างแหนมด้วยไฟอ่อนจนสุก (หากไม่มีน้ำหยดออกแสดงว่าสุกแล้ว)\",\r\n  \"จัดใส่จานเสิร์ฟ พร้อมเครื่องเคียง เช่น ขิงซอย พริกขี้หนู กะหล่ำปลี แตงกวา และผักชี\"\r\n]\r\n', 5, 6, '{\r\n  \"url\": \"https://www.wongnai.com/recipes/grilled-sour-pork\",\r\n  \"facebook\": \"\",\r\n  \"youtube\": \"\",\r\n  \"note\": \"จากผู้ใช้ gam.sali\"\r\n}', '[\"system\"]'),
(93, 'ไก่นึงมะนาว', 'steam5.jpg', '[\r\n  { \"name\": \"เนื้อไก่สันใน\", \"amount\": 500, \"unit\": \"กรัม\" }\r\n]\r\n', '[\r\n  { \"name\": \"กระเทียม\", \"amount\": 12, \"unit\": \"กลีบ\" },           \r\n  { \"name\": \"พริกขี้หนู\", \"amount\": 20, \"unit\": \"เม็ด\" },\r\n  { \"name\": \"มะนาว\", \"amount\": 0.75, \"unit\": \"ผล\" },\r\n  { \"name\": \"น้ำปลา\", \"amount\": 0.5, \"unit\": \"ช้อนโต๊ะ\" },\r\n  { \"name\": \"น้ำตาลทรายขาว\", \"amount\": 1, \"unit\": \"ช้อนโต๊ะ\" },\r\n  { \"name\": \"ขึ้นฉ่าย\", \"amount\": 8, \"unit\": \"กรัม\" }\r\n]\r\n', '[\r\n  \"ผสมน้ำยำโดยใช้กระเทียมฝาน พริกขี้หนูซอย น้ำตาลทราย น้ำปลา และน้ำมะนาว คนให้เข้ากันดีแล้วพักไว้\",\r\n  \"ตั้งน้ำในหม้อให้เดือด แล้ววางลังถึงไว้ด้านบน\",\r\n  \"นำสันในไก่วางในจานแล้วใส่ในลังถึง นึ่งประมาณ 15 นาทีจนเกือบสุก\",\r\n  \"เมื่อไก่ใกล้สุกแล้ว ราดน้ำยำลงบนไก่ในจาน แล้วนึ่งต่ออีก 5 นาที\",\r\n  \"จัดไก่นึ่งมะนาวใส่จาน ตกแต่งด้วยมะนาว ผักชี และพริกชี้ฟ้าตามชอบ พร้อมเสิร์ฟ\"\r\n]\r\n', 2, 7, '{\r\n  \"url\": \"https://www.wongnai.com/recipes/chicken-steamed-with-thai-spicy-sauce\",\r\n  \"facebook\": \"\",\r\n  \"youtube\": \"\",\r\n  \"note\": \"จากผู้ใช้ Healthy_onair\"\r\n}', '[\"system\"]'),
(94, 'ขนมจีบหมูเด้ง', 'steam6.jpg', '[\r\n  { \"name\": \"กุ้ง\", \"amount\": 100, \"unit\": \"กรัม\" },\r\n  { \"name\": \"เนื้อหมู\", \"amount\": 200, \"unit\": \"กรัม\" },\r\n  { \"name\": \"แครอท\", \"amount\": 50, \"unit\": \"กรัม\" },\r\n  { \"name\": \"แผ่นเกี๊ยว\", \"amount\": 20, \"unit\": \"แผ่น\" }\r\n]\r\n', '[\r\n  { \"name\": \"รากผักชี\", \"amount\": 2, \"unit\": \"ราก\" },\r\n  { \"name\": \"กระเทียม\", \"amount\": 3, \"unit\": \"กลีบ\" },\r\n  { \"name\": \"พริกไทยดำ\", \"amount\": 2, \"unit\": \"กรัม\" },\r\n  { \"name\": \"ซอสปรุงรสฝาเขียว\", \"amount\": 1, \"unit\": \"ช้อนโต๊ะ\" },\r\n  { \"name\": \"ซอสหอยนางรม\", \"amount\": 1, \"unit\": \"ช้อนโต๊ะ\" },\r\n  { \"name\": \"น้ำตาลทรายขาว\", \"amount\": 0.5, \"unit\": \"ช้อนโต๊ะ\" },\r\n  { \"name\": \"น้ำมันงา\", \"amount\": 0.4, \"unit\": \"ช้อนโต๊ะ\" },\r\n  { \"name\": \"แป้งข้าวโพด\", \"amount\": 1, \"unit\": \"ช้อนโต๊ะ\" }\r\n]\r\n', '[\r\n  \"โขลกรากผักชี กระเทียม และพริกไทยให้ละเอียด\",\r\n  \"ผสมกุ้งสับ หมูสับ แครอท ซอสปรุงรส น้ำมันหอย น้ำตาล น้ำมันงา และแป้งข้าวโพด คลุกให้เข้ากันเป็นเนื้อเดียว\",\r\n  \"วางแผ่นเกี๊ยวบนนิ้ว ตักไส้ประมาณ 1 ช้อนโต๊ะใส่ลงไป ใช้นิ้วจัดทรงจีบ แล้วกดให้เป็นรูปทรงขนมจีบ\",\r\n  \"พรมน้ำบนขนมจีบเพื่อให้แป้งนิ่ม แล้วนำไปนึ่งประมาณ 15-20 นาที หรือจนสุก\",\r\n  \"จัดเสิร์ฟ โรยด้วยกระเทียมเจียว เสิร์ฟพร้อมจิ๊กโฉ่ว\"\r\n]\r\n', 3, 7, '{\r\n  \"url\": \"https://www.wongnai.com/recipes/pork-dim-sum\",\r\n  \"facebook\": \"\",\r\n  \"youtube\": \"\",\r\n  \"note\": \"จากผู้ใช้ กินทั้งวัน\"\r\n}', '[\"system\"]'),
(95, 'หมูยอโฮมเมด', 'steam7.jpg', '[\r\n  { \"name\": \"เนื้อหมู\", \"amount\": 1000, \"unit\": \"กรัม\" }\r\n]\r\n', '[\r\n  { \"name\": \"น้ำมันถั่วเหลือง\", \"amount\": 2, \"unit\": \"ช้อนโต๊ะ\" },\r\n  { \"name\": \"น้ำปลา\", \"amount\": 4, \"unit\": \"ช้อนโต๊ะ\" },\r\n  { \"name\": \"น้ำตาลทรายขาว\", \"amount\": 1, \"unit\": \"ช้อนโต๊ะ\" },\r\n  { \"name\": \"พริกไทย\", \"amount\": 6, \"unit\": \"กรัม\" },\r\n  { \"name\": \"ผงฟู\", \"amount\": 4.5, \"unit\": \"ช้อนชา\" },\r\n  { \"name\": \"แป้งมันสำปะหลัง\", \"amount\": 16, \"unit\": \"กรัม\" }\r\n]\r\n', '[\r\n  \"นำหมูบดใส่ชามผสม ใส่น้ำมันถั่วเหลือง น้ำปลา น้ำตาลทราย พริกไทย ผงฟู และแป้งมัน คลุกเคล้าให้เข้ากัน\",\r\n  \"นำส่วนผสมที่คลุกแล้วไปใส่เครื่องปั่น ปั่นให้เนื้อเนียนละเอียด แล้วนำไปแช่เย็นสักครู่ (สามารถใส่น้ำแข็งระหว่างปั่นเพื่อให้หมูยอเด้ง)\",\r\n  \"ตัดใบตอง 2 ขนาด (เล็ก: 4-5 นิ้ว / ใหญ่: 12-16 นิ้ว) เตรียมไว้สำหรับห่อ\",\r\n  \"วางใบตองใหญ่ด้านล่างซ้อนด้วยใบตองเล็ก วางหมูบดที่ปั่นไว้ประมาณ 150-180 กรัมลงไป แล้วห่อให้แน่น\",\r\n  \"พับปลายใบตองเข้าหากัน และมัดด้วยหนังยางให้เรียบร้อย\",\r\n  \"นำหมูยอที่ห่อเสร็จแล้วไปนึ่งในหม้อน้ำเดือด ประมาณ 30-40 นาที (ขึ้นกับขนาดชิ้น)\",\r\n  \"เมื่อสุกดีแล้ว ยกขึ้นพัก และพร้อมเสิร์ฟหรือเก็บไว้กินต่อได้\"\r\n]\r\n', 4, 7, '{\r\n  \"url\": \"https://www.wongnai.com/recipes/homemade-vietnamese-ham\",\r\n  \"facebook\": \"\",\r\n  \"youtube\": \"\",\r\n  \"note\": \"จากผู้ใช้ pimtp__\"\r\n}', '[\"system\"]'),
(96, 'ปลากะพงนึ่งมะนาว', 'steam8.jpg', '[\r\n  { \"name\": \"ปลากะพงขาว\", \"amount\": 750, \"unit\": \"กรัม\" }\r\n]\r\n', '[\r\n  { \"name\": \"กระเทียม\", \"amount\": 5, \"unit\": \"กลีบ\" },\r\n  { \"name\": \"พริกขี้หนู\", \"amount\": 8, \"unit\": \"เม็ด\" },\r\n  { \"name\": \"มะนาว\", \"amount\": 3, \"unit\": \"ผล\" },\r\n  { \"name\": \"น้ำปลา\", \"amount\": 8, \"unit\": \"ช้อนโต๊ะ\" },\r\n  { \"name\": \"น้ำตาลทรายขาว\", \"amount\": 1, \"unit\": \"ช้อนโต๊ะ\" }\r\n]\r\n', '[\r\n  \"ล้างปลากะพงให้สะอาด บั้งตัวปลา แล้ววางลงบนจานสำหรับนึ่ง\",\r\n  \"ผสมน้ำยำโดยใช้น้ำซุป น้ำปลา น้ำตาลทราย และน้ำมะนาว คนให้เข้ากัน\",\r\n  \"ราดน้ำยำลงบนตัวปลา นำไปนึ่งในน้ำเดือดประมาณ 20 นาทีจนปลาสุก\",\r\n  \"ตกแต่งด้วยกระเทียมสไลซ์ พริกขี้หนูซอย และขึ้นฉ่ายซอยก่อนเสิร์ฟ\"\r\n]\r\n', 2, 7, '{\r\n  \"url\": \"https://www.wongnai.com/recipes/steamed-seabass-with-lime\",\r\n  \"facebook\": \"\",\r\n  \"youtube\": \"\",\r\n  \"note\": \"จากผู้ใช้ gam.sali\"\r\n}', '[\"system\"]'),
(97, 'ไข่ตุ๋นหมูเด้ง', 'steam9.jpg', '[\r\n  { \"name\": \"เนื้อหมูสันใน\", \"amount\": 250, \"unit\": \"กรัม\" },\r\n  { \"name\": \"ไข่ไก่\", \"amount\": 2, \"unit\": \"ฟอง\" },\r\n  { \"name\": \"แครอท\", \"amount\": 15, \"unit\": \"กรัม\" }\r\n]\r\n', '[\r\n  { \"name\": \"แป้งมันสำปะหลัง\", \"amount\": 4.5, \"unit\": \"กรัม\" },\r\n  { \"name\": \"ผงฟู\", \"amount\": 2, \"unit\": \"กรัม\" },\r\n  { \"name\": \"ผงปรุงชูรส\", \"amount\": 1, \"unit\": \"ช้อนชา\" },\r\n  { \"name\": \"ซีอิ๊วขาว\", \"amount\": 1, \"unit\": \"ช้อนชา\" }\r\n]\r\n', '[\r\n  \"นำเนื้อหมูสันใน แป้งมัน ผงฟู ผงปรุงรส และน้ำเย็นจัดใส่ลงในเครื่องปั่น ปั่นจนเนียนละเอียด แล้วพักไว้\",\r\n  \"ตอกไข่ใส่ชาม ใส่ซีอิ๊วขาว ตีให้เข้ากัน แล้วเติมน้ำเปล่าและกรองส่วนผสม พักไว้\",\r\n  \"ตักหมูเด้งใส่ชาม เสียบแครอทบริเวณขอบชาม แล้วเกลี่ยให้ทั่วจนเต็มชาม\",\r\n  \"เทไข่ที่เตรียมไว้ลงในชามหมูเด้ง แล้วยกขึ้นใส่ลังถึง\",\r\n  \"นึ่งด้วยไฟอ่อนประมาณ 20 นาทีจนไข่เซตตัว\",\r\n  \"คว่ำใส่จาน โรยต้นหอม ตกแต่ง พร้อมเสิร์ฟ\"\r\n]\r\n', 4, 7, '{\r\n  \"url\": \"https://www.wongnai.com/recipes/steamed-egg-in-pork-bowl\",\r\n  \"facebook\": \"\",\r\n  \"youtube\": \"\",\r\n  \"note\": \"จากผู้ใช้ ซีซ่าร์ไม่ชอบกินกล้วย จะเอาลาบแซ่บๆ\"\r\n}', '[\"system\"]'),
(98, 'ข้าวหน้าไก่', 'onedishmeal5.jpg', '[\r\n  { \"name\": \"สะโพกไก่\", \"amount\": 300, \"unit\": \"กรัม\" },\r\n  { \"name\": \"เห็ดหอม\", \"amount\": 30, \"unit\": \"กรัม\" },\r\n  { \"name\": \"นมข้นจืด\", \"amount\": 240, \"unit\": \"มิลลิลิตร\" }\r\n]\r\n', '[\r\n  { \"name\": \"ซีอิ๊วขาว\", \"amount\": 2, \"unit\": \"ช้อนโต๊ะ\" },\r\n  { \"name\": \"ซอสปรุงรสฝาเขียว\", \"amount\": 1.5, \"unit\": \"ช้อนโต๊ะ\" },\r\n  { \"name\": \"ซอสหอยนางรม\", \"amount\": 1, \"unit\": \"ช้อนโต๊ะ\" },\r\n  { \"name\": \"น้ำมันงา\", \"amount\": 1, \"unit\": \"ช้อนโต๊ะ\" },\r\n  { \"name\": \"เหล้าจีน\", \"amount\": 15, \"unit\": \"มิลลิลิตร\" },\r\n  { \"name\": \"น้ำตาลทรายขาว\", \"amount\": 1, \"unit\": \"ช้อนโต๊ะ\" },\r\n  { \"name\": \"พริกไทย\", \"amount\": 2, \"unit\": \"กรัม\" },\r\n  { \"name\": \"ซีอิ๊วดำ\", \"amount\": 1, \"unit\": \"ช้อนโต๊ะ\" },\r\n  { \"name\": \"กระเทียม\", \"amount\": 6, \"unit\": \"กลีบ\" },\r\n  { \"name\": \"แป้งข้าวโพด\", \"amount\": 2, \"unit\": \"ช้อนโต๊ะ\" }\r\n]\r\n', '[\r\n  \"ผสมซีอิ๊วขาว ซอสหอยนางรม น้ำมันงา เหล้าจีน นมข้นจืด และสะโพกไก่ในชามผสม คลุกให้เข้ากันแล้วหมักไว้ 20 นาที\",\r\n  \"ตั้งกระทะ ใส่น้ำมันเล็กน้อย ใส่กระเทียมสับผัดจนเหลืองหอม ใส่ไก่ที่หมักไว้ลงผัดให้พอสุก ใส่เห็ดหอมลงผัดต่อแล้วเติมน้ำเปล่าประมาณครึ่งลิตร\",\r\n  \"ตั้งให้เดือด ปรุงรสด้วยซอสปรุงรส น้ำตาล ซีอิ๊วดำ และพริกไทย ตั้งให้เดือดอีกครั้ง แล้วค่อย ๆ เทแป้งข้าวโพดละลายน้ำลงไป คนตลอดจนซอสข้นเหนียวดีแล้วยกขึ้นจากเตา\",\r\n  \"ตักเสิร์ฟพร้อมข้าวสวยและกุนเชียงทอด โรยตกแต่งด้วยผักชี\"\r\n]\r\n', 2, 8, '{\r\n  \"url\": \"https://www.wongnai.com/recipes/marinated-chicken-with-sauce-over-rice\",\r\n  \"facebook\": \"\",\r\n  \"youtube\": \"\",\r\n  \"note\": \"จากผู้ใช้ ซีซ่าร์ไม่ชอบกินกล้วย จะเอาลาบแซ่บๆ\"\r\n}', '[\"system\"]'),
(99, 'กะเพราไก่สับ', 'onedishmeal6.jpg', '[\r\n  { \"name\": \"เนื้อไก่\", \"amount\": 150, \"unit\": \"กรัม\" },\r\n  { \"name\": \"กะเพราขาว\", \"amount\": 15, \"unit\": \"กรัม\" },\r\n  { \"name\": \"พริกขี้หนู\", \"amount\": 8, \"unit\": \"เม็ด\" },\r\n  { \"name\": \"ข้าวสวย\", \"amount\": 150, \"unit\": \"กรัม\" }\r\n]\r\n', '[\r\n  { \"name\": \"กระเทียม\", \"amount\": 1, \"unit\": \"กลีบ\" },\r\n  { \"name\": \"น้ำมันถั่วเหลือง\", \"amount\": 2, \"unit\": \"ช้อนโต๊ะ\" },\r\n  { \"name\": \"ซีอิ๊วขาว\", \"amount\": 0.8, \"unit\": \"ช้อนโต๊ะ\" },\r\n  { \"name\": \"น้ำปลา\", \"amount\": 2, \"unit\": \"ช้อนโต๊ะ\" },\r\n  { \"name\": \"น้ำตาลทรายขาว\", \"amount\": 1, \"unit\": \"ช้อนโต๊ะ\" }\r\n]\r\n', '[\r\n  \"ตั้งกระทะ ใส่น้ำมัน เปิดไฟกลางจนร้อน ใส่กระเทียมและพริกลงผัดประมาณ 5-10 วินาทีจนหอม\",\r\n  \"ใส่เนื้อไก่สับลงผัดจนสุกดี\",\r\n  \"ปรุงรสด้วยซีอิ๊วขาว น้ำตาล น้ำปลา และเติมน้ำเปล่าหรือน้ำซุปเล็กน้อย\",\r\n  \"ใส่ใบกะเพราลงไปผัดให้เข้ากัน ยกลงจากกระทะ\",\r\n  \"จัดเสิร์ฟราดบนข้าวสวยร้อนๆ พร้อมทาน\"\r\n]\r\n', 1, 8, '{\r\n  \"url\": \"https://www.wongnai.com/recipes/stir-fried-minced-chicken-and-basil-by-big-c\",\r\n  \"facebook\": \"\",\r\n  \"youtube\": \"\",\r\n  \"note\": \"จากผู้ใช้ Pabair\"\r\n}', '[\"system\"]'),
(100, 'ข้าวผัดปลากระป๋อง', 'onedishmeal7.jpg', '[\r\n  { \"name\": \"ข้าวสวย\", \"amount\": 200, \"unit\": \"กรัม\" },\r\n  { \"name\": \"ปลากระป๋อง\", \"amount\": 60, \"unit\": \"กรัม\" }\r\n]\r\n', '[\r\n  { \"name\": \"น้ำมันถั่วเหลือง\", \"amount\": 2, \"unit\": \"ช้อนโต๊ะ\" },\r\n  { \"name\": \"กระเทียม\", \"amount\": 3, \"unit\": \"กลีบ\" },\r\n  { \"name\": \"หอมแดง\", \"amount\": 6, \"unit\": \"หัว\" },\r\n  { \"name\": \"พริกขี้หนู\", \"amount\": 8, \"unit\": \"เม็ด\" },\r\n  { \"name\": \"รสดีรสหมู\", \"amount\": 0.5, \"unit\": \"ช้อนชา\" },\r\n  { \"name\": \"เกลือป่น\", \"amount\": 0.5, \"unit\": \"ช้อนชา\" },\r\n  { \"name\": \"น้ำตาลทรายขาว\", \"amount\": 0.4, \"unit\": \"ช้อนโต๊ะ\" },\r\n  { \"name\": \"ต้นหอม\", \"amount\": 5, \"unit\": \"กรัม\" }\r\n]\r\n', '[\r\n  \"ตั้งกระทะใช้ไฟปานกลาง ใส่น้ำมันลงไป พอน้ำมันร้อนใส่กระเทียมและพริกขี้หนู ผัดจนกระเทียมหอมและเหลือง ใส่หอมแดงผัดต่อให้สุกอ่อนตัว\",\r\n  \"ใส่ข้าวสวยลงไปผัดให้เข้ากัน ใส่ปลากระป๋องและน้ำปลากระป๋อง ใช้ตะหลิวยีให้ปลากระป๋องแตกเป็นชิ้นเล็ก ๆ\",\r\n  \"ปรุงรสด้วยเกลือ ผงปรุงรสหมู และน้ำตาล ผัดให้เข้ากันดี\",\r\n  \"ใส่ต้นหอมซอย ผัดอีกครั้งให้เข้ากัน แล้วปิดไฟ\",\r\n  \"ตักข้าวผัดปลากระป๋องใส่จาน โรยผักชี จัดเสิร์ฟพร้อมน้ำปลาพริก\"\r\n]\r\n', 1, 8, '{\r\n  \"url\": \"https://www.wongnai.com/recipes/fried-rice-with-sardines-in-ketchup\",\r\n  \"facebook\": \"\",\r\n  \"youtube\": \"\",\r\n  \"note\": \"จากผู้ใช้ Foppyfonefone\"\r\n}', '[\"system\"]'),
(101, 'มาม่าผัดไข่', 'onedishmeal8.jpg', '[\r\n  { \"name\": \"เส้นมาม่า\", \"amount\": 1, \"unit\": \"ก้อน\" },\r\n  { \"name\": \"ไข่ไก่\", \"amount\": 1.5, \"unit\": \"ฟอง\" },\r\n  { \"name\": \"กะหล่ำปลี\", \"amount\": 60, \"unit\": \"กรัม\" }\r\n]\r\n', '[\r\n  { \"name\": \"กระเทียม\", \"amount\": 5, \"unit\": \"กลีบ\" },\r\n  { \"name\": \"ซีอิ๊วขาว\", \"amount\": 0.4, \"unit\": \"ช้อนโต๊ะ\" },\r\n  { \"name\": \"น้ำตาลทราย\", \"amount\": 0.4, \"unit\": \"ช้อนโต๊ะ\" },\r\n  { \"name\": \"น้ำมันหอย\", \"amount\": 0.4, \"unit\": \"ช้อนโต๊ะ\" },\r\n  { \"name\": \"น้ำมันถั่วเหลือง\", \"amount\": 1, \"unit\": \"ช้อนโต๊ะ\" }\r\n]\r\n', '[\r\n  \"ลวกเส้นมาม่าในน้ำเดือดจนเหนียวนุ่ม ตักขึ้นพักให้สะเด็ดน้ำ\",\r\n  \"ตั้งกระทะ ใส่น้ำมัน พอร้อนใส่กระเทียมผัดให้หอม\",\r\n  \"ใส่ไข่ลงไปผัดพอสุก\",\r\n  \"ใส่กะหล่ำปลีลงไปผัดให้สุกตามชอบ\",\r\n  \"ใส่เส้นมาม่าลงไป ปรุงรสด้วยซีอิ๊วขาว น้ำตาล น้ำมันหอย ผัดให้เข้ากัน\",\r\n  \"ตักใส่จาน พร้อมเสิร์ฟ\"\r\n]\r\n', 1, 8, '{\r\n  \"url\": \"https://cooking.kapook.com/view271983.html\",\r\n  \"facebook\": \"\",\r\n  \"youtube\": \"\",\r\n  \"note\": \"\"\r\n}', '[\"system\"]'),
(102, 'หอยทอด', 'onedishmeal9.jpg', '[\r\n  { \"name\": \"หอยแมลงภู่\", \"amount\": 200, \"unit\": \"กรัม\" },\r\n  { \"name\": \"ไข่ไก่\", \"amount\": 1, \"unit\": \"ฟอง\" },\r\n  { \"name\": \"ถั่วงอก\", \"amount\": 200, \"unit\": \"กรัม\" }\r\n]\r\n', '[\r\n  { \"name\": \"แป้งข้าวเจ้า\", \"amount\": 16, \"unit\": \"กรัม\" },\r\n  { \"name\": \"แป้งท้าวยายม่อม\", \"amount\": 8, \"unit\": \"กรัม\" },\r\n  { \"name\": \"แป้งทอดกรอบ\", \"amount\": 8, \"unit\": \"กรัม\" },\r\n  { \"name\": \"พริกไทย\", \"amount\": 1, \"unit\": \"กรัม\" },\r\n  { \"name\": \"เกลือป่น\", \"amount\": 0.5, \"unit\": \"ช้อนชา\" },\r\n  { \"name\": \"ต้นหอม\", \"amount\": 5, \"unit\": \"กรัม\" },\r\n  { \"name\": \"กระเทียม\", \"amount\": 1, \"unit\": \"กลีบ\" },\r\n  { \"name\": \"น้ำมันรำข้าว\", \"amount\": 1, \"unit\": \"ช้อนโต๊ะ\" },\r\n  { \"name\": \"น้ำตาล\", \"amount\": 0.4, \"unit\": \"ช้อนโต๊ะ\" },\r\n  { \"name\": \"ซีอิ๊วขาว\", \"amount\": 0.4, \"unit\": \"ช้อนโต๊ะ\" },\r\n  { \"name\": \"น้ำปลา\", \"amount\": 0.4, \"unit\": \"ช้อนโต๊ะ\" },\r\n  { \"name\": \"ซอสปรุงรสฝาเขียว\", \"amount\": 0.4, \"unit\": \"ช้อนโต๊ะ\" }\r\n]\r\n', '[\r\n  \"ผสมแป้งข้าวเจ้า แป้งทอดกรอบ พริกไทย และเกลือให้เข้ากัน เติมน้ำปูนใสและน้ำโซดาเย็นจัด คนให้แป้งละลายดี ใส่หอยแมลงภู่และต้นหอมซอย คนให้เข้ากันเป็นเนื้อเดียว\",\r\n  \"ตั้งกระทะ ใส่น้ำมัน เปิดไฟกลาง ผัดกระเทียมให้เหลืองเล็กน้อย พอน้ำมันร้อน เทแป้งหอยทอดลงไปให้กระจายทั่วกระทะ\",\r\n  \"เมื่อแป้งเริ่มอยู่ตัว ตอกไข่ไก่ใส่ ใช้ตะหลิวเกลี่ยไข่ให้ทั่ว ทอดจนแป้งเหลืองกรอบแล้วกลับด้านทอดอีกข้าง จากนั้นตักขึ้นพักไว้\",\r\n  \"ในกระทะใบเดิม เทน้ำมันออกให้เหลือเล็กน้อย ผัดกระเทียมจนหอม ใส่ถั่วงอก ซีอิ๊วขาว ซอสปรุงรส และน้ำตาล ผัดจนสุกและเข้ากันดี\",\r\n  \"จัดถั่วงอกผัดใส่จาน วางหอยทอดร้อน ๆ บนถั่วงอก โรยพริกไทย ตกแต่งด้วยผักชี เสิร์ฟพร้อมน้ำจิ้มหอยทอดหรือน้ำจิ้มไก่ตามชอบ\"\r\n]\r\n', 1, 8, '{\r\n  \"url\": \"https://www.wongnai.com/recipes/hoi-tod-pang-krob\",\r\n  \"facebook\": \"\",\r\n  \"youtube\": \"\",\r\n  \"note\": \"จากผู้ใช้ แพรเพลินพุง\"\r\n}', '[\"system\"]'),
(103, 'ข้าวโพดทอดใส้นม', 'snack5.jpg', '[\r\n  { \"name\": \"ข้าวโพด(ดิบ)\", \"amount\": 120, \"unit\": \"กรัม\" },\r\n  { \"name\": \"นมสด\", \"amount\": 360, \"unit\": \"มิลลิลิตร\" },\r\n  { \"name\": \"ไข่ไก่\", \"amount\": 1, \"unit\": \"ฟอง\" },\r\n  { \"name\": \"เนยจืด\", \"amount\": 20, \"unit\": \"กรัม\" }\r\n]\r\n', '[\r\n  { \"name\": \"แป้งเทมปุระ\", \"amount\": 16, \"unit\": \"กรัม\" },\r\n  { \"name\": \"แป้งข้าวโพด\", \"amount\": 12, \"unit\": \"กรัม\" },\r\n  { \"name\": \"เกลือป่น\", \"amount\": 1, \"unit\": \"ช้อนชา\" },\r\n  { \"name\": \"ผงปรุงรส\", \"amount\": 1, \"unit\": \"ช้อนชา\" },\r\n  { \"name\": \"นมข้นหวาน\", \"amount\": 60, \"unit\": \"มิลลิลิตร\" },\r\n  { \"name\": \"น้ำตาลทรายขาว\", \"amount\": 1, \"unit\": \"ช้อนโต๊ะ\" }\r\n]\r\n', '[\r\n  \"แกะข้าวโพดออกจากซัง ใช้มีดเฉือนเมล็ดออกจากฝัก คลุกเมล็ดข้าวโพดกับแป้งเทมปุระและผงปรุงรส พรมน้ำเย็นจัดเล็กน้อยแล้วพักไว้ในตู้เย็น\",\r\n  \"ผสมนมสด น้ำตาลทราย นมข้นหวาน และแป้งข้าวโพด คนให้เข้ากันดี ตั้งไฟอ่อน คนเรื่อย ๆ จนข้นขึ้น ใส่เนยลงไปคนจนละลาย พักให้เย็นแล้วนำไปแช่ช่องแข็งจนแข็งดี จากนั้นตัดแบ่งเป็นก้อน\",\r\n  \"นำไส้นมที่ตัดแบ่งมาคลุกแป้งเทมปุระ ชุบไข่ จากนั้นใช้เมล็ดข้าวโพดที่เตรียมไว้ปั้นห่อรอบไส้นม\",\r\n  \"ทอดด้วยไฟปานกลางจนสีเหลืองทอง ตักขึ้นพร้อมเสิร์ฟ\"\r\n]\r\n', 2, 9, '{\r\n  \"url\": \"https://www.wongnai.com/recipes/easy-snack-recipes\",\r\n  \"facebook\": \"\",\r\n  \"youtube\": \"\",\r\n  \"note\": \"จากผู้ใช้ tonhom\"\r\n}', '[\"system\"]'),
(104, 'ลูกชิ้นกุ้งไร้แป้ง', 'snack6.jpg', '[\r\n  { \"name\": \"กุ้งบด\", \"amount\": 1000, \"unit\": \"กรัม\" },\r\n  { \"name\": \"หมูสับ\", \"amount\": 300, \"unit\": \"กรัม\" },\r\n  { \"name\": \"กุ้ง\", \"amount\": 300, \"unit\": \"กรัม\" },\r\n  { \"name\": \"ไข่ไก่\", \"amount\": 2, \"unit\": \"ฟอง\" }\r\n]\r\n', '[\r\n  { \"name\": \"รากผักชี\", \"amount\": 3, \"unit\": \"ราก\" },\r\n  { \"name\": \"พริกไทย\", \"amount\": 4, \"unit\": \"กรัม\" },\r\n  { \"name\": \"กระเทียม\", \"amount\": 20, \"unit\": \"กลีบ\" },\r\n  { \"name\": \"เกลือป่น\", \"amount\": 1, \"unit\": \"ช้อนชา\" },\r\n  { \"name\": \"ซอสปรุงรสฝาเขียว\", \"amount\": 4, \"unit\": \"ช้อนโต๊ะ\" },\r\n  { \"name\": \"น้ำตาลทรายขาว\", \"amount\": 2, \"unit\": \"ช้อนโต๊ะ\" },\r\n  { \"name\": \"น้ำมันพืช\", \"amount\": 33, \"unit\": \"มิลลิลิตร\" }\r\n]\r\n', '[\r\n  \"โขลกกระเทียม พริกไทยเม็ด และรากผักชีให้ละเอียด\",\r\n  \"ใส่กุ้งบดลงในชามผสม ตามด้วยหมูสับ ไข่ไก่ ปรุงรสด้วยสามเกลอ เกลือ น้ำตาลทราย และซอสปรุงรส คนให้เข้ากัน\",\r\n  \"ใส่กุ้งหั่นชิ้นลงไป คนให้เข้ากันอีกครั้ง\",\r\n  \"ปั้นเป็นลูกกลม ๆ ขนาดตามชอบ\",\r\n  \"ทอดลูกชิ้นกุ้งด้วยไฟกลางจนสุกเหลืองกรอบ พร้อมเสิร์ฟ\"\r\n]\r\n', 8, 9, '{\r\n  \"url\": \"https://www.wongnai.com/recipes/easy-snack-recipes\",\r\n  \"facebook\": \"\",\r\n  \"youtube\": \"\",\r\n  \"note\": \"จากผู้ใช้ tonhom\"\r\n}', '[\"system\"]'),
(105, 'ทอดมันเห็ด', 'snack7.jpg', '[\r\n  { \"name\": \"เห็ดนางฟ้า\", \"amount\": 200, \"unit\": \"กรัม\" },\r\n  { \"name\": \"แป้งทอดกรอบ\", \"amount\": 120, \"unit\": \"กรัม\" },\r\n  { \"name\": \"ไข่ไก่\", \"amount\": 2, \"unit\": \"ฟอง\" }\r\n]\r\n', '[\r\n  { \"name\": \"พริกแกงแดง\", \"amount\": 30, \"unit\": \"กรัม\" },\r\n  { \"name\": \"น้ำปลา\", \"amount\": 0.8, \"unit\": \"ช้อนโต๊ะ\" },\r\n  { \"name\": \"น้ำตาลทรายขาว\", \"amount\": 1, \"unit\": \"ช้อนโต๊ะ\" },\r\n  { \"name\": \"ใบมะกรูด\", \"amount\": 4, \"unit\": \"ใบ\" }\r\n]\r\n', '[\r\n  \"ล้างเห็ดนางฟ้าให้สะอาด หั่นเป็นชิ้นเต๋าแล้วพักให้สะเด็ดน้ำ\",\r\n  \"ผสมน้ำพริกแกงเผ็ดกับไข่ไก่ คนให้เข้ากันดี ใส่เห็ดนางฟ้าลงไป ปรุงรสด้วยน้ำปลาและน้ำตาลทราย\",\r\n  \"ใส่แป้งทอดกรอบและใบมะกรูด คนส่วนผสมให้เข้ากันจนมีลักษณะข้น\",\r\n  \"ตั้งกระทะใส่น้ำมันพืชพอร้อน ตักส่วนผสมหยอดลงกระทะให้เป็นชิ้นเท่า ๆ กัน ทอดจนสุกเหลือง\",\r\n  \"ตักขึ้นพักให้สะเด็ดน้ำมัน เสิร์ฟร้อน ๆ พร้อมอาจาด\"\r\n]\r\n', 2, 9, '{\r\n  \"url\": \"https://www.wongnai.com/recipes/easy-snack-recipes\",\r\n  \"facebook\": \"\",\r\n  \"youtube\": \"\",\r\n  \"note\": \"จากผู้ใช้ tonhom\"\r\n}', '[\"system\"]'),
(106, 'ทุเรียนทอด', 'snack8.jpg', '[\r\n  { \"name\": \"ทุเรียนดิบ\", \"amount\": 550, \"unit\": \"กรัม\" }\r\n]\r\n', '[\r\n  { \"name\": \"เกลือป่น\", \"amount\": 1.5, \"unit\": \"ช้อนชา\" },\r\n  { \"name\": \"น้ำมันปาล์ม\", \"amount\": 33, \"unit\": \"มิลลิลิตร\" }\r\n]\r\n', '[\r\n  \"ปอกทุเรียนดิบ เอาเมล็ดออก แล้วฝานเนื้อทุเรียนเป็นแผ่นบาง ๆ\",\r\n  \"ตั้งกระทะใส่น้ำมันปาล์ม รอจนร้อน ใส่เนื้อทุเรียนฝานลงทอดจนสุกกรอบ\",\r\n  \"ตักทุเรียนทอดขึ้นพักให้สะเด็ดน้ำมัน\",\r\n  \"โรยเกลือหรือผงปรุงรสตามชอบ คลุกให้เข้ากัน พร้อมเสิร์ฟ\"\r\n]\r\n', 2, 9, '{\r\n  \"url\": \"https://www.wongnai.com/recipes/easy-snack-recipes\",\r\n  \"facebook\": \"\",\r\n  \"youtube\": \"\",\r\n  \"note\": \"จากผู้ใช้ tonhom\"\r\n}', '[\"system\"]'),
(107, 'กล้วยแขก', 'snack9.jpg', '[\r\n  { \"name\": \"แป้งข้าวเจ้า\", \"amount\": 250, \"unit\": \"กรัม\" },\r\n  { \"name\": \"แป้งข้าวโพด\", \"amount\": 3, \"unit\": \"ช้อนโต๊ะ\" },\r\n  { \"name\": \"มะพร้าวขูด\", \"amount\": 200, \"unit\": \"กรัม\" },\r\n  { \"name\": \"งาขาว(ดิบ)\", \"amount\": 50, \"unit\": \"กรัม\" },\r\n  { \"name\": \"กล้วยน้ำว้า\", \"amount\": 600, \"unit\": \"กรัม\" }\r\n]\r\n', '[\r\n  { \"name\": \"น้ำตาลทรายขาว\", \"amount\": 8, \"unit\": \"ช้อนโต๊ะ\" },\r\n  { \"name\": \"เกลือป่น\", \"amount\": 3, \"unit\": \"ช้อนชา\" },\r\n  { \"name\": \"ผงฟู\", \"amount\": 4.5, \"unit\": \"ช้อนชา\" },\r\n  { \"name\": \"นมข้นจืด\", \"amount\": 250, \"unit\": \"มิลลิลิตร\" },\r\n  { \"name\": \"น้ำปูนใส\", \"amount\": 70, \"unit\": \"มิลลิลิตร\" },\r\n  { \"name\": \"ใบเตย\", \"amount\": 7, \"unit\": \"ใบ\" },\r\n  { \"name\": \"น้ำมันปาล์ม\", \"amount\": 33, \"unit\": \"มิลลิลิตร\" }\r\n]\r\n', '[\r\n  \"ผสมแป้งข้าวเจ้า แป้งข้าวโพด น้ำตาล เกลือป่น และผงฟูเข้าด้วยกันในชามผสม\",\r\n  \"เติมน้ำปูนใสและนมข้นจืด ใช้ตะกร้อมือคนให้เข้ากันจนเนียน\",\r\n  \"ใส่มะพร้าวขูด งาขาว และใบเตย คนให้เข้ากันเป็นเนื้อเดียว\",\r\n  \"สไลซ์กล้วยน้ำว้าเป็นแผ่นบาง แล้วนำไปคลุกในแป้งที่เตรียมไว้\",\r\n  \"ตั้งกระทะไฟปานกลาง ใส่น้ำมันปาล์มจนร้อน นำกล้วยลงทอดจนเหลืองกรอบ\",\r\n  \"ตักกล้วยแขกขึ้นพักให้สะเด็ดน้ำมัน พร้อมเสิร์ฟ\"\r\n]\r\n', 5, 9, '{\r\n  \"url\": \"https://www.wongnai.com/recipes/easy-snack-recipes\",\r\n  \"facebook\": \"\",\r\n  \"youtube\": \"\",\r\n  \"note\": \"จากผู้ใช้ tonhom\"\r\n}', '[\"system\"]'),
(108, 'ยำวุ้นเส้นหมูยอ', 'salad5.jpg', '[\r\n  { \"name\": \"วุ้นเส้น\", \"amount\": 100, \"unit\": \"กรัม\" },\r\n  { \"name\": \"หมูยอ\", \"amount\": 100, \"unit\": \"กรัม\" },\r\n  { \"name\": \"ขึ้นฉ่าย\", \"amount\": 50, \"unit\": \"กรัม\" },\r\n  { \"name\": \"มะเขือเทศราชินี\", \"amount\": 50, \"unit\": \"กรัม\" },\r\n  { \"name\": \"หอมหัวใหญ่\", \"amount\": 50, \"unit\": \"กรัม\" }\r\n]\r\n', '[\r\n  { \"name\": \"พริกจินดา(แดง)\", \"amount\": 15, \"unit\": \"เม็ด\" },\r\n  { \"name\": \"ถั่วลิสง(ดิบ)\", \"amount\": 20, \"unit\": \"กรัม\" },\r\n  { \"name\": \"น้ำมะนาว\", \"amount\": 3, \"unit\": \"ช้อนโต๊ะ\" },\r\n  { \"name\": \"น้ำปลา\", \"amount\": 3, \"unit\": \"ช้อนโต๊ะ\" },\r\n  { \"name\": \"น้ำตาลทรายขาว\", \"amount\": 1, \"unit\": \"ช้อนโต๊ะ\" }\r\n]\r\n', '[\r\n  \"แช่วุ้นเส้นในน้ำประมาณ 10 นาที แล้วนำไปลวกให้สุก\",\r\n  \"หั่นหมูยอเป็นแว่น แล้วหั่นครึ่ง เตรียมไว้\",\r\n  \"คั่วถั่วลิสงจนหอม แล้วพักไว้\",\r\n  \"ปรุงน้ำยำด้วยน้ำมะนาว น้ำปลา น้ำตาลทราย และพริกแดงจินดาซอย คนให้ส่วนผสมละลายเข้ากัน\",\r\n  \"ใส่วุ้นเส้นลวกสุก หมูยอ มะเขือเทศเชอร์รี่ และหอมหัวใหญ่ลงในชาม คลุกเคล้าให้เข้ากัน\",\r\n  \"ตักยำวุ้นเส้นใส่จาน โรยหน้าด้วยถั่วลิสงคั่วและขึ้นฉ่าย พร้อมเสิร์ฟ\"\r\n]\r\n', 2, 10, '{\r\n  \"url\": \"https://www.wongnai.com/recipes/glass-noodle-vietnamese-ham-spicy-salad\",\r\n  \"facebook\": \"\",\r\n  \"youtube\": \"\",\r\n  \"note\": \"จากผู้ใช้ pimtp__\"\r\n}', '[\"system\"]'),
(109, 'กุ้งมะนาว', 'salad6.jpg', '[\r\n  { \"name\": \"กุ้ง\", \"amount\": 500, \"unit\": \"กรัม\" },\r\n  { \"name\": \"รากผักชี\", \"amount\": 3, \"unit\": \"ราก\" },\r\n  { \"name\": \"กระเทียม\", \"amount\": 5, \"unit\": \"กลีบ\" },\r\n  { \"name\": \"พริกจินดา(แดง)\", \"amount\": 7, \"unit\": \"เม็ด\" },\r\n  { \"name\": \"มะนาว\", \"amount\": 2, \"unit\": \"ผล\" }\r\n]\r\n', '[\r\n  { \"name\": \"น้ำปลา\", \"amount\": 1.5, \"unit\": \"ช้อนโต๊ะ\" },\r\n  { \"name\": \"น้ำตาลทราย\", \"amount\": 0.4, \"unit\": \"ช้อนโต๊ะ\" }\r\n]\r\n', '[\r\n  \"ใส่กระเทียม พริกแดง และรากผักชีลงในครก โขลกให้เข้ากัน\",\r\n  \"ปรุงรสด้วยน้ำปลา น้ำมะนาว และน้ำตาลทราย คนให้เข้ากัน\",\r\n  \"ลวกกุ้งในน้ำเดือดจนสุกดี แล้วตักขึ้นใส่น้ำเย็นเพื่อให้เนื้อกุ้งเด้งกรอบ\",\r\n  \"จัดเสิร์ฟกุ้งลวกพร้อมก้านคะน้าและแครอทลวก ราดด้วยน้ำจิ้มที่โขลกไว้\"\r\n]\r\n', 4, 10, '{\r\n  \"url\": \"https://www.wongnai.com/recipes/boiled-shrimp-with-lime-chili-sauce\",\r\n  \"facebook\": \"\",\r\n  \"youtube\": \"\",\r\n  \"note\": \"จากผู้ใช้ ซีซ่าร์ไม่ชอบกินกล้วย จะเอาลาบแซ่บๆ\"\r\n}', '[\"system\"]'),
(110, 'ยำปลาทู', 'salad7.jpg', '[\r\n  { \"name\": \"ปลาทู(นึ่ง)\", \"amount\": 360, \"unit\": \"กรัม\" }\r\n]\r\n', '[\r\n  { \"name\": \"ตะไคร้\", \"amount\": 2, \"unit\": \"ต้น\" },\r\n  { \"name\": \"ผักชีฝรั่ง\", \"amount\": 6, \"unit\": \"กรัม\" },\r\n  { \"name\": \"หอมแดง\", \"amount\": 3, \"unit\": \"หัว\" },\r\n  { \"name\": \"ขิงอ่อน\", \"amount\": 7, \"unit\": \"กรัม\" },\r\n  { \"name\": \"ต้นหอม\", \"amount\": 3, \"unit\": \"กรัม\" },\r\n  { \"name\": \"พริกขี้หนู\", \"amount\": 10, \"unit\": \"เม็ด\" },\r\n  { \"name\": \"น้ำมะนาว\", \"amount\": 3, \"unit\": \"ช้อนโต๊ะ\" },\r\n  { \"name\": \"น้ำตาลปี๊บ\", \"amount\": 1, \"unit\": \"ช้อนโต๊ะ\" },\r\n  { \"name\": \"น้ำปลา\", \"amount\": 1, \"unit\": \"ช้อนโต๊ะ\" }\r\n]\r\n', '[\r\n  \"นำปลาทูนึ่งไปย่างบนกระทะจนขึ้นสีทั่ว จากนั้นพักให้เย็นแล้วแกะเป็นชิ้นเล็ก ๆ\",\r\n  \"ผสมน้ำตาลปี๊บ น้ำมะนาว น้ำปลา และพริกขี้หนูแดงในถ้วย คนให้เข้ากันจนน้ำตาลละลาย\",\r\n  \"ใส่เนื้อปลาทูที่แกะไว้พร้อมกับเครื่องสมุนไพรทั้งหมดลงในชามผสม\",\r\n  \"ราดน้ำยำที่เตรียมไว้ลงในชาม แล้วคลุกเคล้าทุกอย่างให้เข้ากัน\",\r\n  \"ตักใส่จานจัดเสิร์ฟ\"\r\n]\r\n', 2, 10, '{\r\n  \"url\": \"https://www.wongnai.com/recipes/thai-mackerel-salad\",\r\n  \"facebook\": \"\",\r\n  \"youtube\": \"\",\r\n  \"note\": \"จากผู้ใช้ gam.sali\"\r\n}', '[\"system\"]'),
(111, 'ยำไข่ดาวกรอบ', 'salad8.jpg', '[\r\n  { \"name\": \"ไข่ไก่\", \"amount\": 6, \"unit\": \"ฟอง\" },\r\n  { \"name\": \"มะเขือเทศ(ลูกใหญ่)\", \"amount\": 240, \"unit\": \"กรัม\" },\r\n  { \"name\": \"หอมหัวใหญ่\", \"amount\": 75, \"unit\": \"กรัม\" },\r\n  { \"name\": \"ขึ้นฉ่าย\", \"amount\": 15, \"unit\": \"กรัม\" },\r\n  { \"name\": \"ต้นหอม\", \"amount\": 10, \"unit\": \"กรัม\" }\r\n]\r\n', '[\r\n  { \"name\": \"พริกขี้หนู\", \"amount\": 5, \"unit\": \"เม็ด\" },\r\n  { \"name\": \"น้ำปลา\", \"amount\": 3, \"unit\": \"ช้อนโต๊ะ\" },\r\n  { \"name\": \"น้ำตาลทรายขาว\", \"amount\": 2, \"unit\": \"ช้อนโต๊ะ\" },\r\n  { \"name\": \"น้ำมะนาว\", \"amount\": 6, \"unit\": \"ช้อนโต๊ะ\" },\r\n  { \"name\": \"น้ำมันปาล์ม\", \"amount\": 22, \"unit\": \"มิลลิลิตร\" }\r\n]\r\n', '[\r\n  \"ตั้งกระทะใส่น้ำมัน ใช้ไฟปานกลาง เมื่อน้ำมันร้อนนำไข่ลงทอดจนกรอบทั้งสองด้าน แล้วยกขึ้นพักให้สะเด็ดน้ำมัน\",\r\n  \"ทำน้ำยำโดยผสมน้ำปลา น้ำตาลทราย น้ำมะนาว และพริกขี้หนูลงในชาม คนให้น้ำตาลละลาย\",\r\n  \"ใส่หอมหัวใหญ่ มะเขือเทศ ต้นหอม ขึ้นฉ่าย และไข่ดาวลงคลุกเคล้าให้เข้ากันกับน้ำยำ\",\r\n  \"ตักไข่ดาวใส่จาน ราดน้ำยำที่คลุกไว้ลงไป พร้อมเสิร์ฟ\"\r\n]\r\n', 3, 10, '{\r\n  \"url\": \"https://www.wongnai.com/recipes/thai-mackerel-salad\",\r\n  \"facebook\": \"\",\r\n  \"youtube\": \"\",\r\n  \"note\": \"จากผู้ใช้ จิ๋วหิวโซ\"\r\n}', '[\"system\"]'),
(112, 'ยำไข่ต้มตาหวาน', 'salad9.jpg', '[\r\n  { \"name\": \"ไข่เป็ด\", \"amount\": 10, \"unit\": \"ฟอง\" },\r\n  { \"name\": \"หมูสับ\", \"amount\": 200, \"unit\": \"กรัม\" },\r\n  { \"name\": \"มะเขือเทศราชินี\", \"amount\": 150, \"unit\": \"กรัม\" },\r\n  { \"name\": \"หอมแดง\", \"amount\": 3, \"unit\": \"หัว\" }\r\n]\r\n', '[\r\n  { \"name\": \"พริกขี้หนู\", \"amount\": 10, \"unit\": \"เม็ด\" },\r\n  { \"name\": \"น้ำมะนาว\", \"amount\": 2, \"unit\": \"ช้อนโต๊ะ\" },\r\n  { \"name\": \"น้ำปลา\", \"amount\": 2, \"unit\": \"ช้อนโต๊ะ\" },\r\n  { \"name\": \"น้ำตาลทรายขาว\", \"amount\": 1, \"unit\": \"ช้อนโต๊ะ\" }\r\n]\r\n', '[\r\n  \"ใส่ไข่เป็ดในหม้อ เติมน้ำให้ท่วมประมาณ 2/3 ของไข่ ใส่เกลือและน้ำส้มสายชู ต้มด้วยไฟปานกลาง 7 นาที\",\r\n  \"นำไข่เป็ดต้มแช่น้ำเย็นแล้วแกะเปลือกเตรียมไว้\",\r\n  \"ลวกหมูสับให้สุก พักไว้\",\r\n  \"ทำน้ำยำโดยผสมน้ำปลา น้ำมะนาว น้ำตาล พริกขี้หนู หอมแดง มะเขือเทศราชินี และหมูสับ คนให้เข้ากันจนน้ำตาลละลาย\",\r\n  \"จัดเรียงไข่เป็ดบนจาน ราดน้ำยำ โรยผักชี พร้อมเสิร์ฟ\"\r\n]\r\n', 10, 10, '{\r\n  \"url\": \"https://www.wongnai.com/recipes/soft-boiled-duck-egg-with-spicy-dressing\",\r\n  \"facebook\": \"\",\r\n  \"youtube\": \"\",\r\n  \"note\": \"จากผู้ใช้ gam.sali\"\r\n}', '[\"system\"]'),
(113, 'โกโก้ร้อน', 'drink5.jpg', '[\r\n  { \"name\": \"นมสด\", \"amount\": 100, \"unit\": \"มิลลิลิตร\" },\r\n  { \"name\": \"ผงโกโก้\", \"amount\": 2, \"unit\": \"ช้อนชา\" }\r\n]\r\n', '[\r\n  { \"name\": \"น้ำเปล่า\", \"amount\": 50, \"unit\": \"มิลลิลิตร\" },\r\n  { \"name\": \"นมข้นหวาน\", \"amount\": 10, \"unit\": \"มิลลิลิตร\" }\r\n]\r\n', '[\r\n  \"อุ่นน้ำเปล่าในไมโครเวฟ 20–30 วินาที\",\r\n  \"ใส่ผงโกโก้ลงในน้ำร้อนแล้วคนให้เข้ากัน\",\r\n  \"เติมนมข้นหวานลงไปแล้วคนจนเข้ากันดี\",\r\n  \"เติมนมสดลงในแก้ว คนให้เข้ากัน\",\r\n  \"อุ่นส่วนผสมในไมโครเวฟอีกครั้ง 20–30 วินาที\",\r\n  \"เสิร์ฟโกโก้ร้อนพร้อมดื่ม\"\r\n]\r\n', 1, 11, '{\r\n  \"url\": \"https://www.wongnai.com/recipes/cocoa-recipe\",\r\n  \"facebook\": \"\",\r\n  \"youtube\": \"\",\r\n  \"note\": \"จากผู้ใช้ พริมา\"\r\n}', '[\"system\"]'),
(114, 'อเมริกาโนร้อน', 'drink6.jpg', '[\r\n  { \"name\": \"เอสเปรสโซ\", \"amount\": 30, \"unit\": \"มิลลิลิตร\" }\r\n]\r\n', '[\r\n  { \"name\": \"น้ำร้อน\", \"amount\": 120, \"unit\": \"มิลลิลิตร\" }\r\n]', '[\r\n  \"เติมน้ำร้อนลงในแก้วกาแฟขนาดประมาณ 4 ออนซ์ (120 มิลลิลิตร)\",\r\n  \"รินช็อตเอสเปรสโซ (30 มิลลิลิตร) ลงบนผิวน้ำร้อนช้า ๆ\",\r\n  \"ปล่อยให้ครีมม่า (ฟองกาแฟ) ลอยอยู่ด้านบน พร้อมเสิร์ฟ\"\r\n]\r\n', 1, 11, '{\r\n  \"url\": \"https://www.wongnai.com/recipes/cafe-menus\",\r\n  \"facebook\": \"\",\r\n  \"youtube\": \"\",\r\n  \"note\": \"จากผู้ใช้ กินทั้งวัน\"\r\n}', '[\"system\"]'),
(115, 'ลาเต้ร้อน', 'drink7.jpg', '[\r\n  { \"name\": \"ช็อตเอสเปรสโซ\", \"amount\": 30, \"unit\": \"มิลลิลิตร\" },\r\n  { \"name\": \"นมสด\", \"amount\": 180, \"unit\": \"มิลลิลิตร\" }\r\n]\r\n', '', '[\r\n  \"เติมช็อตเอสเปรสโซ (30 มิลลิลิตร) ลงในแก้วกาแฟ\",\r\n  \"สตีมนมสดจนร้อนและได้เนื้อนมเนียนละเอียด\",\r\n  \"รินนมร้อนลงในแก้วโดยเว้นจากขอบแก้วประมาณ 1 เซนติเมตร\",\r\n  \"ตักโฟมนมลงด้านบนให้เสมอกับขอบแก้ว\",\r\n  \"ตกแต่งลวดลายลาเต้อาร์ตตามต้องการ พร้อมเสิร์ฟ\"\r\n]\r\n', 1, 11, '{\r\n  \"url\": \"https://www.wongnai.com/recipes/cafe-menus\",\r\n  \"facebook\": \"\",\r\n  \"youtube\": \"\",\r\n  \"note\": \"จากผู้ใช้ กินทั้งวัน\"\r\n}', '[\"system\"]'),
(116, 'ชาไทยเย็น', 'drink8.jpg', '[\r\n  { \"name\": \"ผงชาไทย\", \"amount\": 1, \"unit\": \"ช้อนโต๊ะ\" },\r\n  { \"name\": \"นมข้นหวาน\", \"amount\": 50, \"unit\": \"มิลลิลิตร\" }\r\n]\r\n', '[\r\n  { \"name\": \"ครีมเทียม\", \"amount\": 15, \"unit\": \"กรัม\" },\r\n  { \"name\": \"น้ำเปล่า\", \"amount\": 100, \"unit\": \"มิลลิลิตร\" }\r\n]\r\n', '[\r\n  \"ตักผงชาไทยใส่ด้ามชงกาแฟ\",\r\n  \"กดฟลัชปล่อยน้ำไหลแล้วหยุดหมักชา 20 วินาที จากนั้นกดน้ำชาออกมาประมาณ 100 มิลลิลิตร\",\r\n  \"ใส่น้ำตาลอ้อย นมข้นหวาน และครีมเทียมหรือนมข้นจืดลงในเหยือกชา คนให้เข้ากัน\",\r\n  \"เทชาไทยที่ได้ลงในแก้วที่มีน้ำแข็ง พร้อมเสิร์ฟ\"\r\n]\r\n', 1, 11, '{\r\n  \"url\": \"https://www.wongnai.com/recipes/thai-tea-recipe\",\r\n  \"facebook\": \"\",\r\n  \"youtube\": \"\",\r\n  \"note\": \"จากผู้ใช้ พริมา\"\r\n}', '[\"system\"]'),
(117, 'ชาเขียวนมสด', 'drink9.jpg', '[\r\n  { \"name\": \"ผงชาเขียว(มัทฉะ)\", \"amount\": 6, \"unit\": \"ช้อนชา\" },\r\n  { \"name\": \"นมข้นหวาน\", \"amount\": 30, \"unit\": \"มิลลิลิตร\" },\r\n  { \"name\": \"น้ำตาลทรายขาว\", \"amount\": 0.4, \"unit\": \"ช้อนโต๊ะ\" },\r\n  { \"name\": \"นมสด\", \"amount\": 50, \"unit\": \"มิลลิลิตร\" }\r\n]\r\n', '[\r\n  { \"name\": \"น้ำร้อนจัด\", \"amount\": 200, \"unit\": \"มิลลิลิตร\" }\r\n]\r\n', '[\r\n  \"ผสมผงชาเขียวกับน้ำร้อนจัด พักไว้ 10 นาที จากนั้นกรองเอาเฉพาะน้ำชาเขียว\",\r\n  \"เติมน้ำตาลทราย นมข้นหวาน และนมสดรสจืดลงไป คนให้ละลายเข้ากันดี\",\r\n  \"เติมน้ำแข็งลงในแก้วจนเกือบเต็ม แล้วเทน้ำชาเขียวลงไปโดยเหลือขอบไว้สำหรับนมสด\",\r\n  \"ขย่านมสดให้เกิดฟองแล้วเทราดแต่งหน้าบนชาเขียว พร้อมเสิร์ฟ\"\r\n]\r\n', 1, 11, '{\r\n  \"url\": \"https://www.wongnai.com/recipes/matcha-green-tea-recipe\",\r\n  \"facebook\": \"\",\r\n  \"youtube\": \"\",\r\n  \"note\": \"จากผู้ใช้ พริมา\"\r\n}', '[\"system\"]');

-- --------------------------------------------------------

--
-- Table structure for table `unit_conversions`
--

CREATE TABLE `unit_conversions` (
  `id` int(11) NOT NULL,
  `ingredient_name` varchar(100) NOT NULL,
  `unit` varchar(50) NOT NULL COMMENT 'หน่วยที่ผู้ใช้ใส่มา',
  `grams_per_unit` float NOT NULL COMMENT 'กี่กรัมต่อ 1 หน่วย',
  `note` varchar(100) NOT NULL COMMENT 'หมายเหตุ'
) ENGINE=InnoDB DEFAULT CHARSET=utf8mb4 COLLATE=utf8mb4_general_ci;

--
-- Dumping data for table `unit_conversions`
--

INSERT INTO `unit_conversions` (`id`, `ingredient_name`, `unit`, `grams_per_unit`, `note`) VALUES
(1, 'เต้าเจี้ยว', 'ช้อนโต๊ะ', 18, ''),
(2, 'น้ำนมข้าวโพด', 'มิลลิลิตร', 1.02, ''),
(3, 'น้ำนมข้าว', 'มิลลิลิตร', 1.01, ''),
(4, 'กระชาย', 'หัว', 18, ''),
(5, 'ไข่ไก่', 'ฟอง', 60, ''),
(6, 'ไข่นกกะทา', 'ฟอง', 11, ''),
(7, 'ไข่เป็ด', 'ฟอง', 70, ''),
(8, 'นมข้นหวาน', 'มิลลิลิตร', 1.35, ''),
(9, 'นมข้นจืด', 'มิลลิลิตร', 1.04, ''),
(10, 'นมพาสเจอร์ไรส์(รสจืด)', 'มิลลิลิตร', 1.03, ''),
(11, 'นมพาสเจอร์ไรส์(รสหวาน)', 'มิลลิลิตร', 1.04, ''),
(12, 'นมยูเอชที(รสจืด)', 'มิลลิลิตร', 1.03, ''),
(13, 'นมยูเอชที(รสหวาน)', 'มิลลิลิตร', 1.04, ''),
(14, 'นมสเตอริไลส์', 'มิลลิลิตร', 1.03, ''),
(15, 'นมเปรี้ยว', 'มิลลิลิตร', 1.03, ''),
(16, 'นมแพะพาสเจอร์ไรส์', 'มิลลิลิตร', 1.03, ''),
(17, 'นมสด', 'มิลลิลิตร', 1.03, ''),
(18, 'โยเกิร์ต(รสหวานพร้อมดื่ม)', 'มิลลิลิตร', 1.04, ''),
(19, 'กระเทียม', 'กลีบ', 3, ''),
(20, 'ตะไคร้', 'ต้น', 20, ''),
(21, 'ใบกระวาน', 'ใบ', 0.2, ''),
(22, 'รากผักชี', 'ราก', 2, ''),
(23, 'ใบมะกรูด', 'ใบ', 0.2, ''),
(24, 'ใบสะระแหน่', 'ใบ', 0.2, ''),
(25, 'หอมแดง', 'หัว', 15, ''),
(26, 'ใบโหระพา', 'ใบ', 0.2, ''),
(27, 'น้ำปลา', 'ช้อนโต๊ะ', 16, ''),
(28, 'น้ำปลาร้า', 'ช้อนโต๊ะ', 15, ''),
(29, 'มะนาว', 'ผล', 35, ''),
(30, 'น้ำส้มสายชู', 'ช้อนโต๊ะ', 15, ''),
(31, 'ซีอิ๊วขาว', 'ช้อนโต๊ะ', 15, ''),
(32, 'ซีอิ๊วดำหวาน', 'ช้อนโต๊ะ', 20, ''),
(33, 'ซีอิ๊วดำเค็ม', 'ช้อนโต๊ะ', 18, ''),
(34, 'ซอสหอยนางรม', 'ช้อนโต๊ะ', 20, ''),
(35, 'ซอสปรุงรสฝาเขียว', 'ช้อนโต๊ะ', 15, ''),
(36, 'ซอสพริก', 'ช้อนโต๊ะ', 20, ''),
(37, 'ซอสมะเขือเทศ', 'ช้อนโต๊ะ', 17, ''),
(38, 'ซอสโชยุ', 'ช้อนโต๊ะ', 15, ''),
(39, 'ซอสเทอริยากิ', 'ช้อนโต๊ะ', 20, ''),
(40, 'ซอสพริกศรีราชา', 'ช้อนโต๊ะ', 20, ''),
(41, 'ซอสเห็ดหอม', 'ช้อนโต๊ะ', 20, ''),
(42, 'น้ำมันปาล์ม', 'ช้อนโต๊ะ', 13.6, ''),
(43, 'น้ำมันถั่วเหลือง', 'ช้อนโต๊ะ', 13.6, ''),
(44, 'น้ำมันรำข้าว', 'ช้อนโต๊ะ', 13.6, ''),
(45, 'น้ำมันมะพร้าว', 'ช้อนโต๊ะ', 13.6, ''),
(46, 'น้ำมันมะกอก', 'ช้อนโต๊ะ', 13.6, ''),
(47, 'น้ำมันงา', 'ช้อนโต๊ะ', 13.6, ''),
(48, 'พริกป่น', 'ช้อนชา', 2.5, ''),
(49, 'ผงกระเทียม', 'ช้อนชา', 2.8, ''),
(50, 'ผงหัวหอม', 'ช้อนชา', 2.5, ''),
(51, 'ผงขิง', 'ช้อนชา', 2, ''),
(52, 'ผงขมิ้น', 'ช้อนชา', 2, ''),
(53, 'ผงฟู', 'ช้อนชา', 4, ''),
(54, 'เบกกิ้งโซดา', 'ช้อนชา', 4.6, ''),
(55, 'น้ำตาลทรายขาว', 'ช้อนโต๊ะ', 12.5, ''),
(56, 'น้ำตาลทรายแดง', 'ช้อนโต๊ะ', 12.5, ''),
(57, 'น้ำตาลปี๊บ', 'ช้อนโต๊ะ', 15, ''),
(58, 'เกลือป่น', 'ช้อนชา', 6, ''),
(59, 'น้ำผึ้ง', 'ช้อนโต๊ะ', 21, ''),
(60, 'วาซาบิ', 'ช้อนชา', 5, ''),
(61, 'มายองเนส', 'ช้อนโต๊ะ', 13.8, ''),
(62, 'มาการีน', 'ช้อนโต๊ะ', 14, ''),
(63, 'พริกขี้หนู', 'เม็ด', 2, ''),
(64, 'พริกจินดา(เขียว)', 'เม็ด', 2.2, ''),
(65, 'พริกจินดา(แดง)', 'เม็ด', 2.2, ''),
(66, 'พริกชี้ฟ้า(แดง)', 'เม็ด', 5, ''),
(67, 'พริกจินดา(แห้ง)', 'เม็ด', 0.3, ''),
(68, 'เส้นมาม่า', 'ก้อน', 55, ''),
(69, 'กะทิ', 'มิลลิลิตร', 1.01, ''),
(70, 'น้ำพริกเผา', 'ช้อนโต๊ะ', 20, ''),
(71, 'ขนมปังแผ่น', 'แผ่น', 25, ''),
(72, 'ใบเตย', 'ใบ', 2, ''),
(73, 'น้ำใบเตย', 'มิลลิลิตร', 1, ''),
(74, 'ชาดำ', 'มิลลิลิตร', 1, ''),
(75, 'กาแฟ', 'มิลลิลิตร', 1, ''),
(76, 'ผงโกโก้', 'ช้อนชา', 2.5, ''),
(77, 'ผงกาแห', 'ช้อนชา', 2, ''),
(78, 'ผงปาปริก้า', 'ช้อนโต๊ะ', 2.3, ''),
(79, 'รสดีรสหมู', 'ช้อนชา', 5, ''),
(80, 'รสดีรสไก่', 'ช้อนชา', 5, ''),
(81, 'ผงชูรส', 'ช้อนชา', 5, ''),
(82, 'หัวกะทิ', 'มิลลิลิตร', 0.94, ''),
(83, 'หางกะทิ', 'มิลลิลิตร', 0.95, ''),
(84, 'น้ำมะขามเปียก', 'ช้อนโต๊ะ', 15, ''),
(85, 'แป้งเท้ายายม่อม', 'ช้อนโต๊ะ', 7.5, ''),
(86, 'ข้าวคั่ว', 'ช้อนโต๊ะ', 7.5, ''),
(87, 'แป้งข้าวโพด', 'ช้อนโต๊ะ', 8, ''),
(88, 'แผ่นเกี้ยว', 'แผ่น', 7, ''),
(89, 'เหล้าจีน', 'มิลลิลิตร', 0.96, ''),
(90, 'น้ำมันพืช', 'มิลลิลิตร', 0.92, ''),
(91, 'แป้งเทมปุระ', 'ช้อนโต๊ะ', 8, ''),
(92, 'ผงปรุงรส', 'ช้อนชา', 4, ''),
(93, 'น้ำปูนใส', 'มิลลิลิตร', 1, ''),
(94, 'น้ำมะนาว', 'ช้อนโต๊ะ', 15, ''),
(95, 'เอสเปรสโซ', 'มิลลิลิตร', 1.03, ''),
(96, 'ครีมเทียม', 'มิลลิลิตร', 1.03, ''),
(97, 'ผงชาเขียว(มัทฉะ)', 'ช้อนชา', 2, '');

-- --------------------------------------------------------

--
-- Table structure for table `users`
--

CREATE TABLE `users` (
  `id` int(12) NOT NULL,
  `username` varchar(255) NOT NULL,
  `password` varchar(255) DEFAULT NULL,
  `name` varchar(255) NOT NULL,
  `weight` float DEFAULT NULL COMMENT 'น้ำหนัก (กิโลกรัม)',
  `height` float DEFAULT NULL COMMENT 'ส่วนสูง (เซนติเมตร)',
  `age` int(11) DEFAULT NULL COMMENT 'อายุ (ปี)',
  `gender` enum('ชาย','หญิง') DEFAULT NULL COMMENT 'เพศ',
  `activity_level` enum('ไม่ออกกำลังกาย','ออกกำลังกายเบา (1-3 วัน/สัปดาห์)','ออกกำลังกายปานกลาง (3-5 วัน/สัปดาห์)','ออกกำลังกายหนัก (6-7 วัน/สัปดาห์)','ใช้แรงกายหนักมาก') DEFAULT NULL COMMENT 'ระดับกิจกรรม',
  `goal` enum('ลดน้ำตาล','ลดโซเดียม','ลดน้ำหนัก','เพิ่มน้ำหนัก','ปกติ') DEFAULT NULL COMMENT 'เป้าหมายของผู้ใช้',
  `subgoal` varchar(255) DEFAULT NULL,
  `role` text NOT NULL DEFAULT 'user'
) ENGINE=InnoDB DEFAULT CHARSET=utf8 COLLATE=utf8_general_ci;

--
-- Dumping data for table `users`
--

INSERT INTO `users` (`id`, `username`, `password`, `name`, `weight`, `height`, `age`, `gender`, `activity_level`, `goal`, `subgoal`, `role`) VALUES
(10, 'admin', 'scrypt:32768:8:1$clXxBdtCa9eXyVMv$2ab149ae573455f999a36e11f5e065746496f773ee5b985f86622f18359face78ee0ddb4b6f799ebb397faa72adb117a20fc118358ace413c05ceb67757d1bad', 'Anuwat Anek', 70, 163, 22, 'ชาย', 'ออกกำลังกายปานกลาง (3-5 วัน/สัปดาห์)', 'ปกติ', '', 'admin'),
(18, 'a', 'scrypt:32768:8:1$AkxQPPb5tb6OKsUz$f0f5f0777d9dbe8567d7a184843404034c9326dcf16f6991094da92f8419a8cf805b4bc71911e74aae1644aa9860c5d1c62f444571c7c6ff95264dcd37740fe4', 'a', 60, 1, 1, 'ชาย', 'ไม่ออกกำลังกาย', 'เพิ่มน้ำหนัก', 'ลดน้ำตาล', 'user'),
(19, 'admin2', 'scrypt:32768:8:1$a2JkENeFea1UoivM$4451b8985e900a699f474e7ebfcd3e80ed30ab538ef941a892928e3c8a5d14a332df177617517f561261cd719fa5563f8eef51782dd7a4e0d776b80dbb13391c', 'นฤมล', 50, 150, 55, 'หญิง', 'ออกกำลังกายเบา (1-3 วัน/สัปดาห์)', 'ลดน้ำหนัก', '', 'user'),
(20, 'จอนวิค', 'scrypt:32768:8:1$h3AAhcwead9q2r0O$24928cf2f06a59bfc21dfcac6c7eed354293b7243516e2164d14ff7792deff62340453c00ad5de9196d73a3a85685e26e3ce13d8ac6ae8597f91fe9b8f254565', 'อุนิทิน', 115, 180, 23, 'ชาย', 'ไม่ออกกำลังกาย', 'ปกติ', 'ลดน้ำตาล,ลดโซเดียม', 'user'),
(21, 'ณัฏฐากร', 'scrypt:32768:8:1$cGPwwN6phDfCtAhb$21628691a1ce1af2167889ecdab5cc04b2a8b0974a4c0a8f34c66d2555bb92da0ce54e03707bafeab00646838f458c54fa3dbf4024276cd77443eec906e357d2', 'ณัฏฐากร', 56, 158, 21, 'หญิง', 'ไม่ออกกำลังกาย', 'ปกติ', 'ลดน้ำตาล', 'user'),
(22, 'Phongsakorn', 'scrypt:32768:8:1$9ShMKS29zeqed3ue$1dff9d59add3f89eefea7054bc7a7366ed3c69ba93752b95dca46512fe0efa1d2c1b20bd48dade9ac3cea406216248b2473e54743ac4ba4080419c74f522cc56', 'Phongsakorn', 70, 170, 21, 'ชาย', 'ออกกำลังกายปานกลาง (3-5 วัน/สัปดาห์)', 'ลดน้ำหนัก', 'ลดน้ำตาล,ลดโซเดียม', 'user'),
(23, 'Pipat', 'scrypt:32768:8:1$J4kA6g87uK3K7MU3$057522c7ff6fbde5fe665750e6fa85591673256d3b7a82ef28a4c81d5f512c41c1f56c75a4c3daea5c32e59aa8b1e2ee94c3ad365e7927aecbc2877cbeca8ee2', 'Pipat sudsangkhiew', 75, 185, 21, 'ชาย', 'ออกกำลังกายเบา (1-3 วัน/สัปดาห์)', 'ปกติ', NULL, 'user'),
(24, 'Pk', 'scrypt:32768:8:1$2jf4KB3KNrpesiL7$9db97e5e1cf1c2cd40936276b6136f8b6264ea097db98c7f26c6809a6b4edb7c32b26354cab8802bc702b70beff2f5421e57a104b5c495a7bb245549fe5fb642', 'Pk', 110, 180, 48, 'ชาย', 'ไม่ออกกำลังกาย', 'ลดน้ำหนัก', 'ลดน้ำตาล,ลดโซเดียม', 'user'),
(25, 'phanphet', 'scrypt:32768:8:1$JnAMIqOHdOnMYfND$6283767d0dc47681c687a6326b9187c30ff649381c7b6e323dec722ccf9298ce7640a8d19d1b6b7c631b9029d6961398eb08fde276d3e4a53ba53d3fd91b0222', 'พานเพชร ', 54, 178, 21, 'ชาย', 'ไม่ออกกำลังกาย', 'เพิ่มน้ำหนัก', NULL, 'user'),
(26, 'Fluke_45', 'scrypt:32768:8:1$z17iGgLe6VBWpUKf$cc9db80c1b95f52b4d079f3e859fb9c0c65674915d7b589750e6024899f7a34994ba16817466cc2c522d7e4898bce71430bbdefd880736c10c62c0553ea22342', 'นพดล วัฒนพันธ์', 120, 183, 23, 'ชาย', 'ออกกำลังกายเบา (1-3 วัน/สัปดาห์)', 'ลดน้ำหนัก', 'ลดน้ำตาล,ลดโซเดียม', 'user');

-- --------------------------------------------------------

--
-- Table structure for table `user_ingredients`
--

CREATE TABLE `user_ingredients` (
  `id` int(11) NOT NULL,
  `user_id` int(11) NOT NULL,
  `ingredient_id` int(11) NOT NULL,
  `amount` float NOT NULL
) ENGINE=InnoDB DEFAULT CHARSET=utf8 COLLATE=utf8_general_ci;

--
-- Dumping data for table `user_ingredients`
--

INSERT INTO `user_ingredients` (`id`, `user_id`, `ingredient_id`, `amount`) VALUES
(131, 10, 333, 19),
(132, 10, 242, 500),
(133, 10, 2, 500),
(134, 20, 443, 500),
(135, 20, 49, 2),
(136, 20, 279, 2000),
(137, 21, 2, 70),
(138, 24, 412, 10000000),
(139, 24, 340, 100000000),
(140, 24, 475, 1000000000),
(142, 25, 260, 300);

-- --------------------------------------------------------

--
-- Table structure for table `user_selected_menus`
--

CREATE TABLE `user_selected_menus` (
  `id` int(11) NOT NULL,
  `user_id` int(11) NOT NULL,
  `recipe_id` int(11) NOT NULL,
  `created_at` timestamp NOT NULL DEFAULT current_timestamp(),
  `ingredients` longtext DEFAULT NULL,
  `secondary_ingredients` longtext DEFAULT NULL,
  `user_servings` int(11) NOT NULL
) ENGINE=InnoDB DEFAULT CHARSET=utf8 COLLATE=utf8_general_ci;

--
-- Dumping data for table `user_selected_menus`
--

INSERT INTO `user_selected_menus` (`id`, `user_id`, `recipe_id`, `created_at`, `ingredients`, `secondary_ingredients`, `user_servings`) VALUES
(10, 10, 16, '2025-04-30 14:15:43', '[{\"name\": \"กุ้ง\", \"amount\": 500, \"unit\": \"กรัม\"}, {\"name\": \"กระเทียม\", \"amount\": 9, \"unit\": \"กลีบ\"}]', '[]', 3),
(13, 10, 16, '2025-05-01 10:03:23', '[{\"name\": \"กุ้ง\", \"amount\": 500, \"unit\": \"กรัม\"}, {\"name\": \"กระเทียม\", \"amount\": 7, \"unit\": \"กลีบ\"}]', '[{\"name\": \"เนยจืด\", \"amount\": 15, \"unit\": \"กรัม\"}, {\"name\": \"เกลือป่น\", \"amount\": 0.5, \"unit\": \"ช้อนชา\"}, {\"name\": \"ซอสปรุงรสฝาเขียว\", \"amount\": 1, \"unit\": \"ช้อนโต๊ะ\"}, {\"name\": \"ซอสหอยนางรม\", \"amount\": 1, \"unit\": \"ช้อนโต๊ะ\"}, {\"name\": \"น้ำตาลทรายขาว\", \"amount\": 0.35, \"unit\": \"ช้อนโต๊ะ\"}, {\"name\": \"พริกไทย\", \"amount\": 0.5, \"unit\": \"กรัม\"}]', 1),
(14, 10, 16, '2025-05-02 09:15:22', '[{\"name\": \"กุ้ง\", \"amount\": 500, \"unit\": \"กรัม\"}, {\"name\": \"กระเทียม\", \"amount\": 7, \"unit\": \"กลีบ\"}]', '[{\"name\": \"เนยจืด\", \"amount\": 15, \"unit\": \"กรัม\"}, {\"name\": \"เกลือป่น\", \"amount\": 0.5, \"unit\": \"ช้อนชา\"}, {\"name\": \"ซอสปรุงรสฝาเขียว\", \"amount\": 1, \"unit\": \"ช้อนโต๊ะ\"}, {\"name\": \"ซอสหอยนางรม\", \"amount\": 1, \"unit\": \"ช้อนโต๊ะ\"}, {\"name\": \"น้ำตาลทรายขาว\", \"amount\": 0.35, \"unit\": \"ช้อนโต๊ะ\"}, {\"name\": \"พริกไทย\", \"amount\": 0.5, \"unit\": \"กรัม\"}]', 1),
(16, 18, 16, '2025-05-04 15:52:46', '[{\"name\": \"กุ้ง\", \"amount\": 5001, \"unit\": \"กรัม\"}, {\"name\": \"กระเทียม\", \"amount\": 7, \"unit\": \"กลีบ\"}]', '[{\"name\": \"เนยจืด\", \"amount\": 15, \"unit\": \"กรัม\"}, {\"name\": \"เกลือป่น\", \"amount\": 0.5, \"unit\": \"ช้อนชา\"}, {\"name\": \"ซอสปรุงรสฝาเขียว\", \"amount\": 1, \"unit\": \"ช้อนโต๊ะ\"}, {\"name\": \"ซอสหอยนางรม\", \"amount\": 1, \"unit\": \"ช้อนโต๊ะ\"}, {\"name\": \"น้ำตาลทรายขาว\", \"amount\": 0.35, \"unit\": \"ช้อนโต๊ะ\"}, {\"name\": \"พริกไทย\", \"amount\": 0.5, \"unit\": \"กรัม\"}]', 1),
(17, 10, 16, '2025-05-07 09:12:57', '[{\"name\": \"กุ้ง\", \"amount\": 500, \"unit\": \"กรัม\"}, {\"name\": \"กระเทียม\", \"amount\": 7, \"unit\": \"กลีบ\"}]', '[{\"name\": \"เนยจืด\", \"amount\": 15, \"unit\": \"กรัม\"}, {\"name\": \"เกลือป่น\", \"amount\": 0.5, \"unit\": \"ช้อนชา\"}, {\"name\": \"ซอสปรุงรสฝาเขียว\", \"amount\": 1, \"unit\": \"ช้อนโต๊ะ\"}, {\"name\": \"ซอสหอยนางรม\", \"amount\": 1, \"unit\": \"ช้อนโต๊ะ\"}, {\"name\": \"น้ำตาลทรายขาว\", \"amount\": 0.35, \"unit\": \"ช้อนโต๊ะ\"}, {\"name\": \"พริกไทย\", \"amount\": 0.5, \"unit\": \"กรัม\"}]', 1),
(18, 10, 15, '2025-05-09 16:30:29', '[{\"name\": \"เนื้อหมูสันคอ\", \"amount\": 400, \"unit\": \"กรัม\"}, {\"name\": \"กะเพราขาว\", \"amount\": 50, \"unit\": \"กรัม\"}, {\"name\": \"กระเทียม\", \"amount\": 30, \"unit\": \"กลีบ\"}, {\"name\": \"พริกจินดา(แดง)\", \"amount\": 12, \"unit\": \"เม็ด\"}, {\"name\": \"พริกจินดา(แห้ง)\", \"amount\": 6, \"unit\": \"เม็ด\"}]', '[{\"name\": \"น้ำปลา\", \"amount\": 1, \"unit\": \"ช้อนโต๊ะ\"}, {\"name\": \"ซอสปรุงรสฝาเขียว\", \"amount\": 1.5, \"unit\": \"ช้อนโต๊ะ\"}, {\"name\": \"ซอสหอยนางรม\", \"amount\": 3, \"unit\": \"ช้อนโต๊ะ\"}, {\"name\": \"ซีอิ๊วดำหวาน\", \"amount\": 0.5, \"unit\": \"ช้อนโต๊ะ\"}, {\"name\": \"น้ำตาลทรายขาว\", \"amount\": 0.5, \"unit\": \"ช้อนโต๊ะ\"}]', 1),
(45, 10, 15, '2025-05-10 16:25:43', '[{\"amount\": 400, \"converted_display\": \"400 กรัม\", \"name\": \"เนื้อหมูสันคอ\", \"unit\": \"กรัม\"}, {\"amount\": 50, \"converted_display\": \"50 กรัม\", \"name\": \"กะเพราขาว\", \"unit\": \"กรัม\"}, {\"amount\": 30, \"converted_display\": \"30 กลีบ (~90 กรัม)\", \"name\": \"กระเทียม\", \"unit\": \"กลีบ\"}, {\"amount\": 12, \"converted_display\": \"12 เม็ด (~26 กรัม)\", \"name\": \"พริกจินดา(แดง)\", \"unit\": \"เม็ด\"}, {\"amount\": 6, \"converted_display\": \"6 เม็ด (~1 กรัม)\", \"name\": \"พริกจินดา(แห้ง)\", \"unit\": \"เม็ด\"}]', '[{\"amount\": 1, \"converted_display\": \"1 ช้อนโต๊ะ (~3 ช้อนชา / ~16 กรัม)\", \"name\": \"น้ำปลา\", \"unit\": \"ช้อนโต๊ะ\"}, {\"amount\": 1.5, \"converted_display\": \"1.5 ช้อนโต๊ะ (~4 ช้อนชา / ~22 กรัม)\", \"name\": \"ซอสปรุงรสฝาเขียว\", \"unit\": \"ช้อนโต๊ะ\"}, {\"amount\": 3, \"converted_display\": \"3 ช้อนโต๊ะ (~9 ช้อนชา / ~60 กรัม)\", \"name\": \"ซอสหอยนางรม\", \"unit\": \"ช้อนโต๊ะ\"}, {\"amount\": 0.5, \"converted_display\": \"0.5 ช้อนโต๊ะ (~1 ช้อนชา / ~10 กรัม)\", \"name\": \"ซีอิ๊วดำหวาน\", \"unit\": \"ช้อนโต๊ะ\"}, {\"amount\": 0.5, \"converted_display\": \"0.5 ช้อนโต๊ะ (~1 ช้อนชา / ~6 กรัม)\", \"name\": \"น้ำตาลทรายขาว\", \"unit\": \"ช้อนโต๊ะ\"}]', 4),
(49, 10, 21, '2025-05-13 14:30:16', '[{\"amount\": 100, \"converted_display\": \"100 กรัม\", \"name\": \"เนื้อหมู\", \"unit\": \"กรัม\"}, {\"amount\": 150, \"converted_display\": \"150 กรัม\", \"name\": \"ข้าวสวย\", \"unit\": \"กรัม\"}, {\"amount\": 1, \"converted_display\": \"1 ฟอง\", \"name\": \"ไข่ไก่\", \"unit\": \"ฟอง\"}, {\"amount\": 30, \"converted_display\": \"30 กรัม\", \"name\": \"ผักคะน้า\", \"unit\": \"กรัม\"}, {\"amount\": 20, \"converted_display\": \"20 กรัม\", \"name\": \"แครอท\", \"unit\": \"กรัม\"}, {\"amount\": 2, \"converted_display\": \"2 กลีบ (~6 กรัม)\", \"name\": \"กระเทียม\", \"unit\": \"กลีบ\"}]', '[{\"amount\": 1, \"converted_display\": \"1 ช้อนโต๊ะ (~3 ช้อนชา / ~20 กรัม)\", \"name\": \"ซอสหอยนางรม\", \"unit\": \"ช้อนโต๊ะ\"}, {\"amount\": 1, \"converted_display\": \"1 ช้อนโต๊ะ (~3 ช้อนชา / ~15 กรัม)\", \"name\": \"ซีอิ๊วขาว\", \"unit\": \"ช้อนโต๊ะ\"}, {\"amount\": 1, \"converted_display\": \"1 ช้อนโต๊ะ (~3 ช้อนชา / ~12 กรัม)\", \"name\": \"น้ำตาลทรายขาว\", \"unit\": \"ช้อนโต๊ะ\"}, {\"amount\": 1, \"converted_display\": \"1 ช้อนโต๊ะ (~3 ช้อนชา / ~13 กรัม)\", \"name\": \"น้ำมันถั่วเหลือง\", \"unit\": \"ช้อนโต๊ะ\"}]', 1),
(87, 10, 68, '2025-05-23 12:47:04', '[{\"amount\": 3, \"converted_display\": \"3 ช้อนชา (~7 กรัม)\", \"name\": \"ผงโกโก้\", \"unit\": \"ช้อนชา\"}]', '[{\"amount\": 30, \"converted_display\": \"30 มิลลิลิตร\", \"name\": \"นมข้นหวาน\", \"unit\": \"มิลลิลิตร\"}, {\"amount\": 20, \"converted_display\": \"20 มิลลิลิตร\", \"name\": \"นมข้นจืด\", \"unit\": \"มิลลิลิตร\"}, {\"amount\": 50, \"converted_display\": \"50 มิลลิลิตร\", \"name\": \"นมสด\", \"unit\": \"มิลลิลิตร\"}]', 1),
(91, 10, 20, '2025-06-21 13:34:37', '[{\"amount\": 100, \"converted_display\": \"100 กรัม\", \"name\": \"เนื้อหมู\", \"unit\": \"กรัม\"}, {\"amount\": 10, \"converted_display\": \"10 กรัม\", \"name\": \"กะเพราขาว\", \"unit\": \"กรัม\"}, {\"amount\": 3, \"converted_display\": \"3 กลีบ (~9 กรัม)\", \"name\": \"กระเทียม\", \"unit\": \"กลีบ\"}, {\"amount\": 2, \"converted_display\": \"2 เม็ด (~4 กรัม)\", \"name\": \"พริกจินดา(แดง)\", \"unit\": \"เม็ด\"}, {\"amount\": 150, \"converted_display\": \"150 กรัม\", \"name\": \"ข้าวสวย\", \"unit\": \"กรัม\"}]', '[{\"amount\": 1, \"converted_display\": \"1 ช้อนโต๊ะ (~3 ช้อนชา / ~16 กรัม)\", \"name\": \"น้ำปลา\", \"unit\": \"ช้อนโต๊ะ\"}, {\"amount\": 1, \"converted_display\": \"1 ช้อนโต๊ะ (~3 ช้อนชา / ~20 กรัม)\", \"name\": \"ซอสหอยนางรม\", \"unit\": \"ช้อนโต๊ะ\"}, {\"amount\": 1, \"converted_display\": \"1 ช้อนโต๊ะ (~3 ช้อนชา / ~12 กรัม)\", \"name\": \"น้ำตาลทรายขาว\", \"unit\": \"ช้อนโต๊ะ\"}, {\"amount\": 1, \"converted_display\": \"1 ช้อนโต๊ะ (~3 ช้อนชา / ~13 กรัม)\", \"name\": \"น้ำมันถั่วเหลือง\", \"unit\": \"ช้อนโต๊ะ\"}]', 1),
(93, 10, 95, '2025-07-22 16:55:11', '[{\"name\": \"เนื้อหมู\", \"amount\": 1000, \"unit\": \"กรัม\"}]', '[{\"name\": \"น้ำมันถั่วเหลือง\", \"amount\": 2, \"unit\": \"ช้อนโต๊ะ\"}, {\"name\": \"น้ำปลา\", \"amount\": 4, \"unit\": \"ช้อนโต๊ะ\"}, {\"name\": \"น้ำตาลทรายขาว\", \"amount\": 1, \"unit\": \"ช้อนโต๊ะ\"}, {\"name\": \"พริกไทย\", \"amount\": 6, \"unit\": \"กรัม\"}, {\"name\": \"ผงฟู\", \"amount\": 4.5, \"unit\": \"ช้อนชา\"}, {\"name\": \"แป้งมันสำปะหลัง\", \"amount\": 16, \"unit\": \"กรัม\"}]', 1),
(94, 10, 24, '2025-07-22 16:55:17', '[{\"name\": \"ไข่ไก่\", \"amount\": 1, \"unit\": \"ฟอง\"}]', '[{\"name\": \"น้ำมันถั่วเหลือง\", \"amount\": 1, \"unit\": \"ช้อนโต๊ะ\"}]', 1),
(109, 10, 24, '2025-07-23 17:00:32', '[{\"name\": \"ไข่ไก่\", \"amount\": 1, \"unit\": \"ฟอง\"}]', '[{\"name\": \"น้ำมันถั่วเหลือง\", \"amount\": 1, \"unit\": \"ช้อนโต๊ะ\"}]', 1),
(110, 10, 14, '2025-07-27 05:55:00', '[{\"name\": \"วัตถุดิบทดสอบ\", \"amount\": 500, \"unit\": \"กรัม\"}]', '[]', 1),
(111, 10, 99, '2025-07-28 13:38:52', '[{\"name\": \"เนื้อไก่\", \"amount\": 150, \"unit\": \"กรัม\"}, {\"name\": \"กะเพราขาว\", \"amount\": 15, \"unit\": \"กรัม\"}, {\"name\": \"พริกขี้หนู\", \"amount\": 8, \"unit\": \"เม็ด\"}, {\"name\": \"ข้าวสวย\", \"amount\": 150, \"unit\": \"กรัม\"}]', '[{\"name\": \"กระเทียม\", \"amount\": 1, \"unit\": \"กลีบ\"}, {\"name\": \"น้ำมันถั่วเหลือง\", \"amount\": 2, \"unit\": \"ช้อนโต๊ะ\"}, {\"name\": \"ซีอิ๊วขาว\", \"amount\": 0.8, \"unit\": \"ช้อนโต๊ะ\"}, {\"name\": \"น้ำปลา\", \"amount\": 2, \"unit\": \"ช้อนโต๊ะ\"}, {\"name\": \"น้ำตาลทรายขาว\", \"amount\": 1, \"unit\": \"ช้อนโต๊ะ\"}]', 1),
(112, 10, 25, '2025-07-28 13:39:04', '[{\"name\": \"ข้าวสวย\", \"amount\": 150, \"unit\": \"กรัม\"}]', '[]', 1),
(113, 10, 16, '2025-07-28 13:45:43', '[{\"name\": \"กุ้ง\", \"amount\": 500, \"unit\": \"กรัม\"}, {\"name\": \"กระเทียม\", \"amount\": 7, \"unit\": \"กลีบ\"}]', '[{\"name\": \"เนยจืด\", \"amount\": 15, \"unit\": \"กรัม\"}, {\"name\": \"เกลือป่น\", \"amount\": 0.5, \"unit\": \"ช้อนชา\"}, {\"name\": \"ซอสปรุงรสฝาเขียว\", \"amount\": 1, \"unit\": \"ช้อนโต๊ะ\"}, {\"name\": \"ซอสหอยนางรม\", \"amount\": 1, \"unit\": \"ช้อนโต๊ะ\"}, {\"name\": \"น้ำตาลทรายขาว\", \"amount\": 0.35, \"unit\": \"ช้อนโต๊ะ\"}, {\"name\": \"พริกไทย\", \"amount\": 0.5, \"unit\": \"กรัม\"}]', 1),
(114, 10, 30, '2025-07-28 13:45:54', '[{\"amount\": 60, \"converted_display\": \"60 กรัม\", \"name\": \"กุ้ง\", \"unit\": \"กรัม\"}, {\"amount\": 30, \"converted_display\": \"30 กรัม\", \"name\": \"ดอกแค\", \"unit\": \"กรัม\"}, {\"amount\": 20, \"converted_display\": \"20 กรัม\", \"name\": \"แครอท\", \"unit\": \"กรัม\"}, {\"amount\": 20, \"converted_display\": \"20 กรัม\", \"name\": \"ถั่วฝักยาว\", \"unit\": \"กรัม\"}]', '[{\"amount\": 20, \"converted_display\": \"20 กรัม\", \"name\": \"พริกแกงส้ม\", \"unit\": \"กรัม\"}, {\"amount\": 0.4, \"converted_display\": \"0.4 ช้อนโต๊ะ (~1 ช้อนชา / ~6 กรัม)\", \"name\": \"น้ำปลา\", \"unit\": \"ช้อนโต๊ะ\"}, {\"amount\": 1, \"converted_display\": \"1 ช้อนโต๊ะ (~3 ช้อนชา / ~15 กรัม)\", \"name\": \"น้ำมะขามเปียก\", \"unit\": \"ช้อนโต๊ะ\"}, {\"amount\": 0.4, \"converted_display\": \"0.4 ช้อนโต๊ะ (~1 ช้อนชา / ~6 กรัม)\", \"name\": \"น้ำตาลปี๊บ\", \"unit\": \"ช้อนโต๊ะ\"}]', 1),
(115, 10, 32, '2025-07-28 13:45:56', '[{\"amount\": 80, \"converted_display\": \"80 กรัม\", \"name\": \"เนื้อไก่\", \"unit\": \"กรัม\"}, {\"amount\": 50, \"converted_display\": \"50 กรัม\", \"name\": \"มะเขือเปราะ\", \"unit\": \"กรัม\"}, {\"amount\": 2, \"converted_display\": \"2 ใบ (~0 กรัม)\", \"name\": \"ใบมะกรูด\", \"unit\": \"ใบ\"}, {\"amount\": 1, \"converted_display\": \"1 เม็ด (~5 กรัม)\", \"name\": \"พริกชี้ฟ้า(แดง)\", \"unit\": \"เม็ด\"}]', '[{\"amount\": 20, \"converted_display\": \"20 กรัม\", \"name\": \"พริกแกงแดง\", \"unit\": \"กรัม\"}, {\"amount\": 100, \"converted_display\": \"100 มิลลิลิตร (~101 กรัม)\", \"name\": \"กะทิ\", \"unit\": \"มิลลิลิตร\"}, {\"amount\": 0.4, \"converted_display\": \"0.4 ช้อนโต๊ะ (~1 ช้อนชา / ~6 กรัม)\", \"name\": \"น้ำปลา\", \"unit\": \"ช้อนโต๊ะ\"}, {\"amount\": 0.4, \"converted_display\": \"0.4 ช้อนโต๊ะ (~1 ช้อนชา / ~6 กรัม)\", \"name\": \"น้ำตาลปี๊บ\", \"unit\": \"ช้อนโต๊ะ\"}]', 1),
(116, 10, 29, '2025-07-28 13:45:58', '[{\"amount\": 80, \"converted_display\": \"80 กรัม\", \"name\": \"อกไก่\", \"unit\": \"กรัม\"}, {\"amount\": 50, \"converted_display\": \"50 กรัม\", \"name\": \"มะเขือเปราะ\", \"unit\": \"กรัม\"}, {\"amount\": 50, \"converted_display\": \"50 ใบ (~10 กรัม)\", \"name\": \"ใบโหระพา\", \"unit\": \"ใบ\"}, {\"amount\": 1, \"converted_display\": \"1 เม็ด (~5 กรัม)\", \"name\": \"พริกชี้ฟ้า(แดง)\", \"unit\": \"เม็ด\"}]', '[{\"amount\": 20, \"converted_display\": \"20 กรัม\", \"name\": \"พริกแกงเขียวหวาน\", \"unit\": \"กรัม\"}, {\"amount\": 100, \"converted_display\": \"100 มิลลิลิตร (~101 กรัม)\", \"name\": \"กะทิ\", \"unit\": \"มิลลิลิตร\"}, {\"amount\": 0.4, \"converted_display\": \"0.4 ช้อนโต๊ะ (~1 ช้อนชา / ~6 กรัม)\", \"name\": \"น้ำปลา\", \"unit\": \"ช้อนโต๊ะ\"}, {\"amount\": 0.4, \"converted_display\": \"0.4 ช้อนโต๊ะ (~1 ช้อนชา / ~6 กรัม)\", \"name\": \"น้ำตาลปี๊บ\", \"unit\": \"ช้อนโต๊ะ\"}]', 1),
(117, 10, 72, '2025-07-29 12:45:15', '[{\"name\": \"เนื้อไก่\", \"amount\": 300, \"unit\": \"กรัม\"}, {\"name\": \"กระเทียม\", \"amount\": 25, \"unit\": \"กลีบ\"}]', '[{\"name\": \"รากผักชี\", \"amount\": 5, \"unit\": \"ราก\"}, {\"name\": \"พริกไทย\", \"amount\": 2.3, \"unit\": \"กรัม\"}, {\"name\": \"ซอสหอยนางรม\", \"amount\": 1, \"unit\": \"ช้อนโต๊ะ\"}, {\"name\": \"ซีอิ๊วขาว\", \"amount\": 0.5, \"unit\": \"ช้อนโต๊ะ\"}, {\"name\": \"ซอสปรุงรสฝาเขียว\", \"amount\": 0.5, \"unit\": \"ช้อนโต๊ะ\"}, {\"name\": \"น้ำตาลทรายขาว\", \"amount\": 0.4, \"unit\": \"ช้อนโต๊ะ\"}]', 1),
(118, 10, 31, '2025-08-06 14:36:34', '[{\"amount\": 80, \"converted_display\": \"80 กรัม\", \"name\": \"เนื้อหมู\", \"unit\": \"กรัม\"}, {\"amount\": 2, \"converted_display\": \"2 ใบ (~0 กรัม)\", \"name\": \"ใบมะกรูด\", \"unit\": \"ใบ\"}, {\"amount\": 1, \"converted_display\": \"1 เม็ด (~5 กรัม)\", \"name\": \"พริกชี้ฟ้า(แดง)\", \"unit\": \"เม็ด\"}]', '[{\"amount\": 20, \"converted_display\": \"20 กรัม\", \"name\": \"พริกแกงพะแนง\", \"unit\": \"กรัม\"}, {\"amount\": 100, \"converted_display\": \"100 มิลลิลิตร (~101 กรัม)\", \"name\": \"กะทิ\", \"unit\": \"มิลลิลิตร\"}, {\"amount\": 0.4, \"converted_display\": \"0.4 ช้อนโต๊ะ (~1 ช้อนชา / ~6 กรัม)\", \"name\": \"น้ำปลา\", \"unit\": \"ช้อนโต๊ะ\"}, {\"amount\": 0.4, \"converted_display\": \"0.4 ช้อนโต๊ะ (~1 ช้อนชา / ~6 กรัม)\", \"name\": \"น้ำตาลปี๊บ\", \"unit\": \"ช้อนโต๊ะ\"}]', 1),
(121, 10, 31, '2025-08-06 14:43:36', '[{\"amount\": 80, \"converted_display\": \"80 กรัม\", \"name\": \"เนื้อหมู\", \"unit\": \"กรัม\"}, {\"amount\": 2, \"converted_display\": \"2 ใบ (~0 กรัม)\", \"name\": \"ใบมะกรูด\", \"unit\": \"ใบ\"}, {\"amount\": 1, \"converted_display\": \"1 เม็ด (~5 กรัม)\", \"name\": \"พริกชี้ฟ้า(แดง)\", \"unit\": \"เม็ด\"}]', '[{\"amount\": 20, \"converted_display\": \"20 กรัม\", \"name\": \"พริกแกงพะแนง\", \"unit\": \"กรัม\"}, {\"amount\": 100, \"converted_display\": \"100 มิลลิลิตร (~101 กรัม)\", \"name\": \"กะทิ\", \"unit\": \"มิลลิลิตร\"}, {\"amount\": 0.4, \"converted_display\": \"0.4 ช้อนโต๊ะ (~1 ช้อนชา / ~6 กรัม)\", \"name\": \"น้ำปลา\", \"unit\": \"ช้อนโต๊ะ\"}, {\"amount\": 0.4, \"converted_display\": \"0.4 ช้อนโต๊ะ (~1 ช้อนชา / ~6 กรัม)\", \"name\": \"น้ำตาลปี๊บ\", \"unit\": \"ช้อนโต๊ะ\"}]', 1),
(122, 10, 31, '2025-08-06 14:43:38', '[{\"amount\": 80, \"converted_display\": \"80 กรัม\", \"name\": \"เนื้อหมู\", \"unit\": \"กรัม\"}, {\"amount\": 2, \"converted_display\": \"2 ใบ (~0 กรัม)\", \"name\": \"ใบมะกรูด\", \"unit\": \"ใบ\"}, {\"amount\": 1, \"converted_display\": \"1 เม็ด (~5 กรัม)\", \"name\": \"พริกชี้ฟ้า(แดง)\", \"unit\": \"เม็ด\"}]', '[{\"amount\": 20, \"converted_display\": \"20 กรัม\", \"name\": \"พริกแกงพะแนง\", \"unit\": \"กรัม\"}, {\"amount\": 100, \"converted_display\": \"100 มิลลิลิตร (~101 กรัม)\", \"name\": \"กะทิ\", \"unit\": \"มิลลิลิตร\"}, {\"amount\": 0.4, \"converted_display\": \"0.4 ช้อนโต๊ะ (~1 ช้อนชา / ~6 กรัม)\", \"name\": \"น้ำปลา\", \"unit\": \"ช้อนโต๊ะ\"}, {\"amount\": 0.4, \"converted_display\": \"0.4 ช้อนโต๊ะ (~1 ช้อนชา / ~6 กรัม)\", \"name\": \"น้ำตาลปี๊บ\", \"unit\": \"ช้อนโต๊ะ\"}]', 1),
(123, 10, 24, '2025-08-11 14:55:50', '[{\"name\": \"ไข่ไก่\", \"amount\": 1, \"unit\": \"ฟอง\"}]', '[{\"name\": \"น้ำมันถั่วเหลือง\", \"amount\": 1, \"unit\": \"ช้อนโต๊ะ\"}]', 1),
(124, 10, 29, '2025-08-11 15:49:17', '[{\"amount\": 80, \"converted_display\": \"80 กรัม\", \"name\": \"อกไก่\", \"unit\": \"กรัม\"}, {\"amount\": 50, \"converted_display\": \"50 กรัม\", \"name\": \"มะเขือเปราะ\", \"unit\": \"กรัม\"}, {\"amount\": 50, \"converted_display\": \"50 ใบ (~10 กรัม)\", \"name\": \"ใบโหระพา\", \"unit\": \"ใบ\"}, {\"amount\": 1, \"converted_display\": \"1 เม็ด (~5 กรัม)\", \"name\": \"พริกชี้ฟ้า(แดง)\", \"unit\": \"เม็ด\"}]', '[{\"amount\": 20, \"converted_display\": \"20 กรัม\", \"name\": \"พริกแกงเขียวหวาน\", \"unit\": \"กรัม\"}, {\"amount\": 100, \"converted_display\": \"100 มิลลิลิตร (~101 กรัม)\", \"name\": \"กะทิ\", \"unit\": \"มิลลิลิตร\"}, {\"amount\": 0.4, \"converted_display\": \"0.4 ช้อนโต๊ะ (~1 ช้อนชา / ~6 กรัม)\", \"name\": \"น้ำปลา\", \"unit\": \"ช้อนโต๊ะ\"}, {\"amount\": 0.4, \"converted_display\": \"0.4 ช้อนโต๊ะ (~1 ช้อนชา / ~6 กรัม)\", \"name\": \"น้ำตาลปี๊บ\", \"unit\": \"ช้อนโต๊ะ\"}]', 1),
(125, 20, 21, '2025-09-03 05:26:24', '[{\"amount\": 100, \"converted_display\": \"100 กรัม\", \"name\": \"เนื้อหมู\", \"unit\": \"กรัม\"}, {\"amount\": 150, \"converted_display\": \"150 กรัม\", \"name\": \"ข้าวสวย\", \"unit\": \"กรัม\"}, {\"amount\": 1, \"converted_display\": \"1 ฟอง (~60 กรัม)\", \"name\": \"ไข่ไก่\", \"unit\": \"ฟอง\"}, {\"amount\": 30, \"converted_display\": \"30 กรัม\", \"name\": \"ผักคะน้า\", \"unit\": \"กรัม\"}, {\"amount\": 20, \"converted_display\": \"20 กรัม\", \"name\": \"แครอท\", \"unit\": \"กรัม\"}, {\"amount\": 2, \"converted_display\": \"2 กลีบ (~6 กรัม)\", \"name\": \"กระเทียม\", \"unit\": \"กลีบ\"}]', '[{\"amount\": 1, \"converted_display\": \"1 ช้อนโต๊ะ (~3 ช้อนชา / ~20 กรัม)\", \"name\": \"ซอสหอยนางรม\", \"unit\": \"ช้อนโต๊ะ\"}, {\"amount\": 1, \"converted_display\": \"1 ช้อนโต๊ะ (~3 ช้อนชา / ~15 กรัม)\", \"name\": \"ซีอิ๊วขาว\", \"unit\": \"ช้อนโต๊ะ\"}, {\"amount\": 1, \"converted_display\": \"1 ช้อนโต๊ะ (~3 ช้อนชา / ~12 กรัม)\", \"name\": \"น้ำตาลทรายขาว\", \"unit\": \"ช้อนโต๊ะ\"}, {\"amount\": 1, \"converted_display\": \"1 ช้อนโต๊ะ (~3 ช้อนชา / ~13 กรัม)\", \"name\": \"น้ำมันถั่วเหลือง\", \"unit\": \"ช้อนโต๊ะ\"}]', 1),
(126, 23, 31, '2025-09-08 05:37:12', '[{\"amount\": 80, \"converted_display\": \"80 กรัม\", \"name\": \"เนื้อหมู\", \"unit\": \"กรัม\"}, {\"amount\": 2, \"converted_display\": \"2 ใบ (~0 กรัม)\", \"name\": \"ใบมะกรูด\", \"unit\": \"ใบ\"}, {\"amount\": 1, \"converted_display\": \"1 เม็ด (~5 กรัม)\", \"name\": \"พริกชี้ฟ้า(แดง)\", \"unit\": \"เม็ด\"}]', '[{\"amount\": 20, \"converted_display\": \"20 กรัม\", \"name\": \"พริกแกงพะแนง\", \"unit\": \"กรัม\"}, {\"amount\": 100, \"converted_display\": \"100 มิลลิลิตร (~101 กรัม)\", \"name\": \"กะทิ\", \"unit\": \"มิลลิลิตร\"}, {\"amount\": 0.4, \"converted_display\": \"0.4 ช้อนโต๊ะ (~1 ช้อนชา / ~6 กรัม)\", \"name\": \"น้ำปลา\", \"unit\": \"ช้อนโต๊ะ\"}, {\"amount\": 0.4, \"converted_display\": \"0.4 ช้อนโต๊ะ (~1 ช้อนชา / ~6 กรัม)\", \"name\": \"น้ำตาลปี๊บ\", \"unit\": \"ช้อนโต๊ะ\"}]', 1),
(127, 24, 113, '2025-09-08 05:58:46', '[{\"name\": \"นมสด\", \"amount\": 100, \"unit\": \"มิลลิลิตร\"}, {\"name\": \"ผงโกโก้\", \"amount\": 2, \"unit\": \"ช้อนชา\"}]', '[{\"name\": \"น้ำเปล่า\", \"amount\": 50, \"unit\": \"มิลลิลิตร\"}, {\"name\": \"นมข้นหวาน\", \"amount\": 10, \"unit\": \"มิลลิลิตร\"}, {\"name\": \"กบ\", \"amount\": 100, \"unit\": \"กรัม\"}, {\"name\": \"หมูสับ\", \"amount\": 1000, \"unit\": \"กรัม\"}]', 1);

--
-- Indexes for dumped tables
--

--
-- Indexes for table `categories`
--
ALTER TABLE `categories`
  ADD PRIMARY KEY (`id`);

--
-- Indexes for table `ingredient_categories`
--
ALTER TABLE `ingredient_categories`
  ADD PRIMARY KEY (`id`);

--
-- Indexes for table `ingredient_nutrition`
--
ALTER TABLE `ingredient_nutrition`
  ADD PRIMARY KEY (`id`),
  ADD KEY `category_id` (`category_id`);

--
-- Indexes for table `ingredient_units`
--
ALTER TABLE `ingredient_units`
  ADD PRIMARY KEY (`id`);

--
-- Indexes for table `recipes`
--
ALTER TABLE `recipes`
  ADD PRIMARY KEY (`id`),
  ADD KEY `category_id` (`category_id`);

--
-- Indexes for table `unit_conversions`
--
ALTER TABLE `unit_conversions`
  ADD PRIMARY KEY (`id`);

--
-- Indexes for table `users`
--
ALTER TABLE `users`
  ADD PRIMARY KEY (`id`);

--
-- Indexes for table `user_ingredients`
--
ALTER TABLE `user_ingredients`
  ADD PRIMARY KEY (`id`),
  ADD KEY `user_id` (`user_id`),
  ADD KEY `ingredient_id` (`ingredient_id`);

--
-- Indexes for table `user_selected_menus`
--
ALTER TABLE `user_selected_menus`
  ADD PRIMARY KEY (`id`),
  ADD KEY `user_id` (`user_id`),
  ADD KEY `recipe_id` (`recipe_id`);

--
-- AUTO_INCREMENT for dumped tables
--

--
-- AUTO_INCREMENT for table `categories`
--
ALTER TABLE `categories`
  MODIFY `id` int(11) NOT NULL AUTO_INCREMENT, AUTO_INCREMENT=14;

--
-- AUTO_INCREMENT for table `ingredient_categories`
--
ALTER TABLE `ingredient_categories`
  MODIFY `id` int(11) NOT NULL AUTO_INCREMENT, AUTO_INCREMENT=11;

--
-- AUTO_INCREMENT for table `ingredient_nutrition`
--
ALTER TABLE `ingredient_nutrition`
  MODIFY `id` int(11) NOT NULL AUTO_INCREMENT, AUTO_INCREMENT=475;

--
-- AUTO_INCREMENT for table `ingredient_units`
--
ALTER TABLE `ingredient_units`
  MODIFY `id` int(11) NOT NULL AUTO_INCREMENT, AUTO_INCREMENT=476;

--
-- AUTO_INCREMENT for table `recipes`
--
ALTER TABLE `recipes`
  MODIFY `id` int(11) NOT NULL AUTO_INCREMENT, AUTO_INCREMENT=118;

--
-- AUTO_INCREMENT for table `unit_conversions`
--
ALTER TABLE `unit_conversions`
  MODIFY `id` int(11) NOT NULL AUTO_INCREMENT, AUTO_INCREMENT=98;

--
-- AUTO_INCREMENT for table `users`
--
ALTER TABLE `users`
  MODIFY `id` int(12) NOT NULL AUTO_INCREMENT, AUTO_INCREMENT=27;

--
-- AUTO_INCREMENT for table `user_ingredients`
--
ALTER TABLE `user_ingredients`
  MODIFY `id` int(11) NOT NULL AUTO_INCREMENT, AUTO_INCREMENT=143;

--
-- AUTO_INCREMENT for table `user_selected_menus`
--
ALTER TABLE `user_selected_menus`
  MODIFY `id` int(11) NOT NULL AUTO_INCREMENT, AUTO_INCREMENT=128;

--
-- Constraints for dumped tables
--

--
-- Constraints for table `ingredient_nutrition`
--
ALTER TABLE `ingredient_nutrition`
  ADD CONSTRAINT `ingredient_nutrition_ibfk_1` FOREIGN KEY (`category_id`) REFERENCES `ingredient_categories` (`id`);

--
-- Constraints for table `recipes`
--
ALTER TABLE `recipes`
  ADD CONSTRAINT `recipes_ibfk_1` FOREIGN KEY (`category_id`) REFERENCES `categories` (`id`);

--
-- Constraints for table `user_ingredients`
--
ALTER TABLE `user_ingredients`
  ADD CONSTRAINT `user_ingredients_ibfk_1` FOREIGN KEY (`user_id`) REFERENCES `users` (`id`) ON DELETE CASCADE,
  ADD CONSTRAINT `user_ingredients_ibfk_2` FOREIGN KEY (`ingredient_id`) REFERENCES `ingredient_units` (`id`) ON DELETE CASCADE;

--
-- Constraints for table `user_selected_menus`
--
ALTER TABLE `user_selected_menus`
  ADD CONSTRAINT `user_selected_menus_ibfk_1` FOREIGN KEY (`user_id`) REFERENCES `users` (`id`),
  ADD CONSTRAINT `user_selected_menus_ibfk_2` FOREIGN KEY (`recipe_id`) REFERENCES `recipes` (`id`);
COMMIT;

/*!40101 SET CHARACTER_SET_CLIENT=@OLD_CHARACTER_SET_CLIENT */;
/*!40101 SET CHARACTER_SET_RESULTS=@OLD_CHARACTER_SET_RESULTS */;
/*!40101 SET COLLATION_CONNECTION=@OLD_COLLATION_CONNECTION */;
